Date,SnP500
1990-01-02,353.3999938964844
1990-01-03,359.69000244140625
1990-01-04,358.760009765625
1990-01-05,355.6700134277344
1990-01-08,352.20001220703125
1990-01-09,353.8299865722656
1990-01-10,349.6199951171875
1990-01-11,347.30999755859375
1990-01-12,348.5299987792969
1990-01-15,339.92999267578125
1990-01-16,337.0
1990-01-17,340.7699890136719
1990-01-18,337.3999938964844
1990-01-19,338.19000244140625
1990-01-22,339.1400146484375
1990-01-23,330.3800048828125
1990-01-24,331.6099853515625
1990-01-25,330.260009765625
1990-01-26,326.0899963378906
1990-01-29,325.79998779296875
1990-01-30,325.20001220703125
1990-01-31,322.9800109863281
1990-02-01,329.0799865722656
1990-02-02,328.7900085449219
1990-02-05,330.9200134277344
1990-02-06,331.8500061035156
1990-02-07,329.6600036621094
1990-02-08,333.75
1990-02-09,333.0199890136719
1990-02-12,333.6199951171875
1990-02-13,330.0799865722656
1990-02-14,331.0199890136719
1990-02-15,332.010009765625
1990-02-16,334.8900146484375
1990-02-20,332.7200012207031
1990-02-21,327.9100036621094
1990-02-22,327.6700134277344
1990-02-23,325.70001220703125
1990-02-26,324.1600036621094
1990-02-27,328.67999267578125
1990-02-28,330.260009765625
1990-03-01,331.8900146484375
1990-03-02,332.739990234375
1990-03-05,335.5400085449219
1990-03-06,333.739990234375
1990-03-07,337.92999267578125
1990-03-08,336.95001220703125
1990-03-09,340.1199951171875
1990-03-12,337.92999267578125
1990-03-13,338.6700134277344
1990-03-14,336.0
1990-03-15,336.8699951171875
1990-03-16,338.07000732421875
1990-03-19,341.9100036621094
1990-03-20,343.5299987792969
1990-03-21,341.57000732421875
1990-03-22,339.739990234375
1990-03-23,335.69000244140625
1990-03-26,337.2200012207031
1990-03-27,337.6300048828125
1990-03-28,341.5
1990-03-29,342.0
1990-03-30,340.7900085449219
1990-04-02,339.94000244140625
1990-04-03,338.70001220703125
1990-04-04,343.6400146484375
1990-04-05,341.0899963378906
1990-04-06,340.7300109863281
1990-04-09,340.0799865722656
1990-04-10,341.3699951171875
1990-04-11,342.07000732421875
1990-04-12,341.9200134277344
1990-04-16,344.3399963378906
1990-04-17,344.739990234375
1990-04-18,344.67999267578125
1990-04-19,340.7200012207031
1990-04-20,338.0899963378906
1990-04-23,335.1199951171875
1990-04-24,331.04998779296875
1990-04-25,330.3599853515625
1990-04-26,332.0299987792969
1990-04-27,332.9200134277344
1990-04-30,329.1099853515625
1990-05-01,330.79998779296875
1990-05-02,332.25
1990-05-03,334.4800109863281
1990-05-04,335.5799865722656
1990-05-07,338.3900146484375
1990-05-08,340.5299987792969
1990-05-09,342.010009765625
1990-05-10,342.8699951171875
1990-05-11,343.82000732421875
1990-05-14,352.0
1990-05-15,354.75
1990-05-16,354.2699890136719
1990-05-17,354.0
1990-05-18,354.4700012207031
1990-05-21,354.6400146484375
1990-05-22,358.0
1990-05-23,358.42999267578125
1990-05-24,359.2900085449219
1990-05-25,358.4100036621094
1990-05-29,354.5799865722656
1990-05-30,360.6499938964844
1990-05-31,360.8599853515625
1990-06-01,361.260009765625
1990-06-04,363.1600036621094
1990-06-05,367.3999938964844
1990-06-06,366.6400146484375
1990-06-07,365.9200134277344
1990-06-08,363.1499938964844
1990-06-11,358.7099914550781
1990-06-12,361.6300048828125
1990-06-13,366.25
1990-06-14,364.8999938964844
1990-06-15,362.8900146484375
1990-06-18,362.9100036621094
1990-06-19,356.8800048828125
1990-06-20,358.4700012207031
1990-06-21,359.1000061035156
1990-06-22,360.5199890136719
1990-06-25,355.4200134277344
1990-06-26,352.32000732421875
1990-06-27,352.05999755859375
1990-06-28,355.1600036621094
1990-06-29,357.6400146484375
1990-07-02,358.0199890136719
1990-07-03,359.5400085449219
1990-07-05,360.1600036621094
1990-07-06,355.69000244140625
1990-07-09,358.4200134277344
1990-07-10,359.5199890136719
1990-07-11,356.489990234375
1990-07-12,361.2300109863281
1990-07-13,365.45001220703125
1990-07-16,367.30999755859375
1990-07-17,368.95001220703125
1990-07-18,367.5199890136719
1990-07-19,364.2200012207031
1990-07-20,365.32000732421875
1990-07-23,361.6099853515625
1990-07-24,355.30999755859375
1990-07-25,355.7900085449219
1990-07-26,357.0899963378906
1990-07-27,355.8999938964844
1990-07-30,353.44000244140625
1990-07-31,355.54998779296875
1990-08-01,356.1499938964844
1990-08-02,355.5199890136719
1990-08-03,351.4800109863281
1990-08-06,344.8599853515625
1990-08-07,334.42999267578125
1990-08-08,334.8299865722656
1990-08-09,338.3500061035156
1990-08-10,339.8999938964844
1990-08-13,335.3900146484375
1990-08-14,338.8399963378906
1990-08-15,339.3900146484375
1990-08-16,340.05999755859375
1990-08-17,332.3599853515625
1990-08-20,327.8299865722656
1990-08-21,328.510009765625
1990-08-22,321.8599853515625
1990-08-23,316.54998779296875
1990-08-24,307.05999755859375
1990-08-27,311.54998779296875
1990-08-28,321.44000244140625
1990-08-29,321.3399963378906
1990-08-30,324.19000244140625
1990-08-31,318.7099914550781
1990-09-04,322.55999755859375
1990-09-05,323.0899963378906
1990-09-06,324.3900146484375
1990-09-07,320.4599914550781
1990-09-10,323.4200134277344
1990-09-11,321.6300048828125
1990-09-12,321.0400085449219
1990-09-13,322.510009765625
1990-09-14,318.6499938964844
1990-09-17,316.8299865722656
1990-09-18,317.7699890136719
1990-09-19,318.6000061035156
1990-09-20,316.6000061035156
1990-09-21,311.5299987792969
1990-09-24,311.29998779296875
1990-09-25,305.4599914550781
1990-09-26,308.260009765625
1990-09-27,305.05999755859375
1990-09-28,300.9700012207031
1990-10-01,306.1000061035156
1990-10-02,314.94000244140625
1990-10-03,315.2099914550781
1990-10-04,311.3999938964844
1990-10-05,312.69000244140625
1990-10-08,311.5
1990-10-09,313.4599914550781
1990-10-10,305.0899963378906
1990-10-11,300.3900146484375
1990-10-12,295.45001220703125
1990-10-15,300.0299987792969
1990-10-16,303.2300109863281
1990-10-17,298.9200134277344
1990-10-18,298.75
1990-10-19,305.739990234375
1990-10-22,312.4800109863281
1990-10-23,314.760009765625
1990-10-24,312.3599853515625
1990-10-25,312.6000061035156
1990-10-26,310.1700134277344
1990-10-29,304.739990234375
1990-10-30,301.8800048828125
1990-10-31,304.05999755859375
1990-11-01,303.989990234375
1990-11-02,307.0199890136719
1990-11-05,311.8500061035156
1990-11-06,314.5899963378906
1990-11-07,311.6199951171875
1990-11-08,306.010009765625
1990-11-09,307.6099853515625
1990-11-12,313.739990234375
1990-11-13,319.4800109863281
1990-11-14,317.6600036621094
1990-11-15,320.3999938964844
1990-11-16,317.0199890136719
1990-11-19,317.1499938964844
1990-11-20,319.3399963378906
1990-11-21,315.30999755859375
1990-11-23,316.0299987792969
1990-11-26,315.0799865722656
1990-11-27,316.510009765625
1990-11-28,318.1099853515625
1990-11-29,317.95001220703125
1990-11-30,316.4200134277344
1990-12-03,322.2300109863281
1990-12-04,324.1099853515625
1990-12-05,326.3599853515625
1990-12-06,329.94000244140625
1990-12-07,329.0899963378906
1990-12-10,327.75
1990-12-11,328.8800048828125
1990-12-12,326.44000244140625
1990-12-13,330.1400146484375
1990-12-14,329.3399963378906
1990-12-17,326.82000732421875
1990-12-18,326.0199890136719
1990-12-19,330.0400085449219
1990-12-20,330.20001220703125
1990-12-21,330.1199951171875
1990-12-24,331.739990234375
1990-12-26,329.8900146484375
1990-12-27,330.8500061035156
1990-12-28,328.2900085449219
1990-12-31,328.7099914550781
1991-01-02,330.20001220703125
1991-01-03,326.4599914550781
1991-01-04,321.9100036621094
1991-01-07,320.9700012207031
1991-01-08,315.44000244140625
1991-01-09,314.8999938964844
1991-01-10,311.510009765625
1991-01-11,314.5299987792969
1991-01-14,315.2300109863281
1991-01-15,312.489990234375
1991-01-16,313.7300109863281
1991-01-17,316.25
1991-01-18,327.92999267578125
1991-01-21,332.2300109863281
1991-01-22,331.05999755859375
1991-01-23,328.29998779296875
1991-01-24,330.2099914550781
1991-01-25,334.7799987792969
1991-01-28,336.05999755859375
1991-01-29,336.0299987792969
1991-01-30,335.79998779296875
1991-01-31,340.9200134277344
1991-02-01,343.9100036621094
1991-02-04,343.04998779296875
1991-02-05,348.3399963378906
1991-02-06,351.260009765625
1991-02-07,358.07000732421875
1991-02-08,356.5199890136719
1991-02-11,359.3599853515625
1991-02-12,368.5799865722656
1991-02-13,365.5
1991-02-14,369.0199890136719
1991-02-15,364.2300109863281
1991-02-19,369.05999755859375
1991-02-20,369.3699951171875
1991-02-21,365.1400146484375
1991-02-22,364.9700012207031
1991-02-25,365.6499938964844
1991-02-26,367.260009765625
1991-02-27,362.80999755859375
1991-02-28,367.7300109863281
1991-03-01,367.07000732421875
1991-03-04,370.4700012207031
1991-03-05,369.3299865722656
1991-03-06,376.7200012207031
1991-03-07,376.1600036621094
1991-03-08,375.9100036621094
1991-03-11,374.94000244140625
1991-03-12,372.9599914550781
1991-03-13,370.0299987792969
1991-03-14,374.5899963378906
1991-03-15,373.5
1991-03-18,373.5899963378906
1991-03-19,372.1099853515625
1991-03-20,366.5899963378906
1991-03-21,367.94000244140625
1991-03-22,366.5799865722656
1991-03-25,367.4800109863281
1991-03-26,369.8299865722656
1991-03-27,376.2799987792969
1991-03-28,375.3500061035156
1991-04-01,375.2200012207031
1991-04-02,371.29998779296875
1991-04-03,379.5
1991-04-04,378.94000244140625
1991-04-05,379.7799987792969
1991-04-08,375.3500061035156
1991-04-09,378.6499938964844
1991-04-10,373.57000732421875
1991-04-11,373.1499938964844
1991-04-12,377.6499938964844
1991-04-15,380.3999938964844
1991-04-16,381.19000244140625
1991-04-17,387.6199951171875
1991-04-18,390.45001220703125
1991-04-19,388.4599914550781
1991-04-22,384.19000244140625
1991-04-23,380.95001220703125
1991-04-24,381.760009765625
1991-04-25,382.8900146484375
1991-04-26,379.25
1991-04-29,379.010009765625
1991-04-30,373.6600036621094
1991-05-01,375.3500061035156
1991-05-02,380.2900085449219
1991-05-03,380.5199890136719
1991-05-06,380.7799987792969
1991-05-07,380.0799865722656
1991-05-08,377.3299865722656
1991-05-09,378.510009765625
1991-05-10,383.260009765625
1991-05-13,375.739990234375
1991-05-14,375.510009765625
1991-05-15,371.54998779296875
1991-05-16,368.57000732421875
1991-05-17,372.19000244140625
1991-05-20,372.3900146484375
1991-05-21,372.2799987792969
1991-05-22,375.3500061035156
1991-05-23,376.19000244140625
1991-05-24,374.9700012207031
1991-05-28,377.489990234375
1991-05-29,381.94000244140625
1991-05-30,382.7900085449219
1991-05-31,386.9599914550781
1991-06-03,389.80999755859375
1991-06-04,388.05999755859375
1991-06-05,387.739990234375
1991-06-06,385.1000061035156
1991-06-07,383.6300048828125
1991-06-10,379.42999267578125
1991-06-11,378.57000732421875
1991-06-12,381.04998779296875
1991-06-13,376.6499938964844
1991-06-14,377.6300048828125
1991-06-17,382.29998779296875
1991-06-18,380.1300048828125
1991-06-19,378.57000732421875
1991-06-20,375.0899963378906
1991-06-21,375.4200134277344
1991-06-24,377.739990234375
1991-06-25,370.94000244140625
1991-06-26,370.6499938964844
1991-06-27,371.5899963378906
1991-06-28,374.3999938964844
1991-07-01,371.17999267578125
1991-07-02,377.9200134277344
1991-07-03,377.4700012207031
1991-07-05,373.3399963378906
1991-07-08,374.0899963378906
1991-07-09,377.94000244140625
1991-07-10,376.1099853515625
1991-07-11,375.7300109863281
1991-07-12,376.9700012207031
1991-07-15,380.2799987792969
1991-07-16,382.3900146484375
1991-07-17,381.5
1991-07-18,381.17999267578125
1991-07-19,385.3800048828125
1991-07-22,384.2099914550781
1991-07-23,382.8800048828125
1991-07-24,379.4200134277344
1991-07-25,378.6400146484375
1991-07-26,380.9599914550781
1991-07-29,380.92999267578125
1991-07-30,383.1499938964844
1991-07-31,386.69000244140625
1991-08-01,387.80999755859375
1991-08-02,387.1199951171875
1991-08-05,387.1700134277344
1991-08-06,385.05999755859375
1991-08-07,390.6199951171875
1991-08-08,390.55999755859375
1991-08-09,389.32000732421875
1991-08-12,387.1099853515625
1991-08-13,388.0199890136719
1991-08-14,389.6199951171875
1991-08-15,389.9100036621094
1991-08-16,389.3299865722656
1991-08-19,385.5799865722656
1991-08-20,376.4700012207031
1991-08-21,379.54998779296875
1991-08-22,390.5899963378906
1991-08-23,391.3299865722656
1991-08-26,394.1700134277344
1991-08-27,393.8500061035156
1991-08-28,393.05999755859375
1991-08-29,396.6499938964844
1991-08-30,396.4700012207031
1991-09-03,395.42999267578125
1991-09-04,392.1499938964844
1991-09-05,389.9700012207031
1991-09-06,389.1400146484375
1991-09-09,389.1099853515625
1991-09-10,388.57000732421875
1991-09-11,384.55999755859375
1991-09-12,385.0899963378906
1991-09-13,387.1600036621094
1991-09-16,383.5899963378906
1991-09-17,385.7799987792969
1991-09-18,385.489990234375
1991-09-19,386.94000244140625
1991-09-20,387.55999755859375
1991-09-23,387.8999938964844
1991-09-24,385.9200134277344
1991-09-25,387.7200012207031
1991-09-26,386.8699951171875
1991-09-27,386.489990234375
1991-09-30,385.9100036621094
1991-10-01,387.8599853515625
1991-10-02,389.20001220703125
1991-10-03,388.2300109863281
1991-10-04,384.4700012207031
1991-10-07,381.2200012207031
1991-10-08,379.5
1991-10-09,380.57000732421875
1991-10-10,376.79998779296875
1991-10-11,380.54998779296875
1991-10-14,381.45001220703125
1991-10-15,386.4700012207031
1991-10-16,391.010009765625
1991-10-17,392.7900085449219
1991-10-18,391.9200134277344
1991-10-21,392.489990234375
1991-10-22,390.0199890136719
1991-10-23,387.8299865722656
1991-10-24,387.94000244140625
1991-10-25,385.07000732421875
1991-10-28,384.20001220703125
1991-10-29,389.5199890136719
1991-10-30,391.4800109863281
1991-10-31,392.9599914550781
1991-11-01,392.4599914550781
1991-11-04,391.2900085449219
1991-11-05,390.2799987792969
1991-11-06,388.7099914550781
1991-11-07,389.9700012207031
1991-11-08,393.7200012207031
1991-11-11,392.8999938964844
1991-11-12,393.1199951171875
1991-11-13,396.739990234375
1991-11-14,397.4100036621094
1991-11-15,397.1499938964844
1991-11-18,382.6199951171875
1991-11-19,385.239990234375
1991-11-20,379.4200134277344
1991-11-21,378.5299987792969
1991-11-22,380.04998779296875
1991-11-25,376.1400146484375
1991-11-26,375.3399963378906
1991-11-27,377.9599914550781
1991-11-29,376.54998779296875
1991-12-02,375.1099853515625
1991-12-03,381.3999938964844
1991-12-04,380.9599914550781
1991-12-05,380.07000732421875
1991-12-06,377.3900146484375
1991-12-09,379.0899963378906
1991-12-10,378.260009765625
1991-12-11,377.8999938964844
1991-12-12,377.70001220703125
1991-12-13,381.54998779296875
1991-12-16,384.4800109863281
1991-12-17,384.4599914550781
1991-12-18,382.739990234375
1991-12-19,383.4599914550781
1991-12-20,382.5199890136719
1991-12-23,387.04998779296875
1991-12-24,396.82000732421875
1991-12-26,399.3299865722656
1991-12-27,404.8399963378906
1991-12-30,406.489990234375
1991-12-31,415.1400146484375
1992-01-02,417.0299987792969
1992-01-03,417.2699890136719
1992-01-06,419.30999755859375
1992-01-07,417.9599914550781
1992-01-08,417.3599853515625
1992-01-09,418.0899963378906
1992-01-10,417.6199951171875
1992-01-13,415.04998779296875
1992-01-14,414.3399963378906
1992-01-15,420.45001220703125
1992-01-16,420.7699890136719
1992-01-17,418.20001220703125
1992-01-20,418.8599853515625
1992-01-21,416.3599853515625
1992-01-22,412.6499938964844
1992-01-23,418.1300048828125
1992-01-24,414.9599914550781
1992-01-27,415.44000244140625
1992-01-28,414.9800109863281
1992-01-29,414.9599914550781
1992-01-30,410.3399963378906
1992-01-31,411.6499938964844
1992-02-03,408.7900085449219
1992-02-04,409.6000061035156
1992-02-05,413.8800048828125
1992-02-06,413.8699951171875
1992-02-07,413.82000732421875
1992-02-10,411.07000732421875
1992-02-11,413.7699890136719
1992-02-12,413.7699890136719
1992-02-13,417.1300048828125
1992-02-14,413.69000244140625
1992-02-18,412.4800109863281
1992-02-19,407.3800048828125
1992-02-20,408.260009765625
1992-02-21,413.8999938964844
1992-02-24,411.4599914550781
1992-02-25,412.2699890136719
1992-02-26,410.4800109863281
1992-02-27,415.3500061035156
1992-02-28,413.8599853515625
1992-03-02,412.67999267578125
1992-03-03,412.45001220703125
1992-03-04,412.8599853515625
1992-03-05,409.3299865722656
1992-03-06,406.510009765625
1992-03-09,404.45001220703125
1992-03-10,405.2099914550781
1992-03-11,406.8800048828125
1992-03-12,404.0299987792969
1992-03-13,403.9200134277344
1992-03-16,405.8500061035156
1992-03-17,406.3900146484375
1992-03-18,409.5799865722656
1992-03-19,409.1499938964844
1992-03-20,409.79998779296875
1992-03-23,411.2900085449219
1992-03-24,409.9100036621094
1992-03-25,408.8800048828125
1992-03-26,407.5199890136719
1992-03-27,407.8599853515625
1992-03-30,403.5
1992-03-31,403.0
1992-04-01,403.6700134277344
1992-04-02,404.1700134277344
1992-04-03,400.5
1992-04-06,401.5400085449219
1992-04-07,405.5899963378906
1992-04-08,398.04998779296875
1992-04-09,394.5
1992-04-10,400.5899963378906
1992-04-13,404.2799987792969
1992-04-14,406.0799865722656
1992-04-15,412.3900146484375
1992-04-16,416.2799987792969
1992-04-20,416.04998779296875
1992-04-21,410.1600036621094
1992-04-22,410.260009765625
1992-04-23,409.80999755859375
1992-04-24,411.6000061035156
1992-04-27,409.0299987792969
1992-04-28,408.45001220703125
1992-04-29,409.1099853515625
1992-04-30,412.0199890136719
1992-05-01,414.95001220703125
1992-05-04,412.5400085449219
1992-05-05,416.9100036621094
1992-05-06,416.8399963378906
1992-05-07,416.7900085449219
1992-05-08,415.8699951171875
1992-05-11,416.04998779296875
1992-05-12,418.489990234375
1992-05-13,416.2900085449219
1992-05-14,416.45001220703125
1992-05-15,413.1400146484375
1992-05-18,410.1300048828125
1992-05-19,412.82000732421875
1992-05-20,416.3699951171875
1992-05-21,415.3999938964844
1992-05-22,412.6099853515625
1992-05-26,414.0199890136719
1992-05-27,411.4100036621094
1992-05-28,412.1700134277344
1992-05-29,416.739990234375
1992-06-01,415.3500061035156
1992-06-02,417.29998779296875
1992-06-03,413.5
1992-06-04,414.6000061035156
1992-06-05,413.260009765625
1992-06-08,413.4800109863281
1992-06-09,413.3999938964844
1992-06-10,410.05999755859375
1992-06-11,407.25
1992-06-12,409.0799865722656
1992-06-15,409.760009765625
1992-06-16,410.2900085449219
1992-06-17,408.3299865722656
1992-06-18,402.260009765625
1992-06-19,400.9599914550781
1992-06-22,403.6400146484375
1992-06-23,403.3999938964844
1992-06-24,404.04998779296875
1992-06-25,403.8299865722656
1992-06-26,403.1199951171875
1992-06-29,403.4700012207031
1992-06-30,408.94000244140625
1992-07-01,408.20001220703125
1992-07-02,412.8800048828125
1992-07-06,411.7699890136719
1992-07-07,413.8299865722656
1992-07-08,409.1499938964844
1992-07-09,410.2799987792969
1992-07-10,414.2300109863281
1992-07-13,414.6199951171875
1992-07-14,414.8599853515625
1992-07-15,417.67999267578125
1992-07-16,417.0400085449219
1992-07-17,417.5400085449219
1992-07-20,415.6199951171875
1992-07-21,413.75
1992-07-22,413.739990234375
1992-07-23,410.92999267578125
1992-07-24,412.07000732421875
1992-07-27,411.6000061035156
1992-07-28,411.54998779296875
1992-07-29,417.5199890136719
1992-07-30,422.20001220703125
1992-07-31,423.9200134277344
1992-08-03,424.19000244140625
1992-08-04,425.0899963378906
1992-08-05,424.3500061035156
1992-08-06,422.19000244140625
1992-08-07,420.5899963378906
1992-08-10,418.8699951171875
1992-08-11,419.45001220703125
1992-08-12,418.8900146484375
1992-08-13,417.7799987792969
1992-08-14,417.739990234375
1992-08-17,419.8900146484375
1992-08-18,420.739990234375
1992-08-19,421.3399963378906
1992-08-20,418.19000244140625
1992-08-21,418.2699890136719
1992-08-24,414.79998779296875
1992-08-25,410.7300109863281
1992-08-26,411.6499938964844
1992-08-27,413.510009765625
1992-08-28,413.5400085449219
1992-08-31,414.8699951171875
1992-09-01,414.0299987792969
1992-09-02,416.07000732421875
1992-09-03,417.9800109863281
1992-09-04,417.9800109863281
1992-09-08,417.0799865722656
1992-09-09,414.44000244140625
1992-09-10,416.3399963378906
1992-09-11,419.95001220703125
1992-09-14,419.6499938964844
1992-09-15,425.2200012207031
1992-09-16,419.7099914550781
1992-09-17,419.9200134277344
1992-09-18,419.9200134277344
1992-09-21,422.8999938964844
1992-09-22,422.1400146484375
1992-09-23,417.1400146484375
1992-09-24,417.4599914550781
1992-09-25,418.4700012207031
1992-09-28,414.3500061035156
1992-09-29,416.6199951171875
1992-09-30,416.7900085449219
1992-10-01,417.79998779296875
1992-10-02,416.2900085449219
1992-10-05,410.4700012207031
1992-10-06,407.57000732421875
1992-10-07,407.1700134277344
1992-10-08,404.2900085449219
1992-10-09,407.75
1992-10-12,402.6600036621094
1992-10-13,407.44000244140625
1992-10-14,409.29998779296875
1992-10-15,409.3399963378906
1992-10-16,409.6000061035156
1992-10-19,411.7300109863281
1992-10-20,414.9800109863281
1992-10-21,415.5299987792969
1992-10-22,415.6700134277344
1992-10-23,414.8999938964844
1992-10-26,414.0899963378906
1992-10-27,418.17999267578125
1992-10-28,418.489990234375
1992-10-29,420.1499938964844
1992-10-30,420.8599853515625
1992-11-02,418.6600036621094
1992-11-03,422.75
1992-11-04,419.9100036621094
1992-11-05,417.0799865722656
1992-11-06,418.3500061035156
1992-11-09,417.5799865722656
1992-11-10,418.5899963378906
1992-11-11,418.6199951171875
1992-11-12,422.20001220703125
1992-11-13,422.8900146484375
1992-11-16,422.44000244140625
1992-11-17,420.6300048828125
1992-11-18,419.2699890136719
1992-11-19,422.8599853515625
1992-11-20,423.6099853515625
1992-11-23,426.6499938964844
1992-11-24,425.1400146484375
1992-11-25,427.5899963378906
1992-11-27,429.19000244140625
1992-11-30,430.19000244140625
1992-12-01,431.3500061035156
1992-12-02,430.7799987792969
1992-12-03,429.9800109863281
1992-12-04,429.92999267578125
1992-12-07,432.05999755859375
1992-12-08,435.30999755859375
1992-12-09,436.989990234375
1992-12-10,435.6600036621094
1992-12-11,434.6400146484375
1992-12-14,433.7300109863281
1992-12-15,432.82000732421875
1992-12-16,432.5799865722656
1992-12-17,431.5199890136719
1992-12-18,435.4599914550781
1992-12-21,441.260009765625
1992-12-22,440.70001220703125
1992-12-23,440.2900085449219
1992-12-24,439.0299987792969
1992-12-28,439.7699890136719
1992-12-29,439.1499938964844
1992-12-30,437.9800109863281
1992-12-31,438.82000732421875
1993-01-04,435.70001220703125
1993-01-05,435.3800048828125
1993-01-06,434.3399963378906
1993-01-07,434.5199890136719
1993-01-08,430.7300109863281
1993-01-11,429.0400085449219
1993-01-12,430.95001220703125
1993-01-13,431.0299987792969
1993-01-14,433.0799865722656
1993-01-15,435.8699951171875
1993-01-18,437.1300048828125
1993-01-19,436.8399963378906
1993-01-20,435.1400146484375
1993-01-21,433.3699951171875
1993-01-22,435.489990234375
1993-01-25,436.1099853515625
1993-01-26,440.04998779296875
1993-01-27,439.95001220703125
1993-01-28,438.1300048828125
1993-01-29,438.6700134277344
1993-02-01,438.7799987792969
1993-02-02,442.5199890136719
1993-02-03,442.55999755859375
1993-02-04,447.20001220703125
1993-02-05,449.55999755859375
1993-02-08,448.94000244140625
1993-02-09,448.0400085449219
1993-02-10,445.3299865722656
1993-02-11,446.2099914550781
1993-02-12,447.6600036621094
1993-02-16,444.5299987792969
1993-02-17,433.92999267578125
1993-02-18,433.29998779296875
1993-02-19,431.92999267578125
1993-02-22,434.2099914550781
1993-02-23,435.3399963378906
1993-02-24,434.760009765625
1993-02-25,440.70001220703125
1993-02-26,442.3399963378906
1993-03-01,443.3800048828125
1993-03-02,442.0
1993-03-03,447.8999938964844
1993-03-04,449.260009765625
1993-03-05,447.3399963378906
1993-03-08,446.1199951171875
1993-03-09,454.6700134277344
1993-03-10,454.3999938964844
1993-03-11,456.3500061035156
1993-03-12,453.70001220703125
1993-03-15,449.8299865722656
1993-03-16,451.42999267578125
1993-03-17,451.3599853515625
1993-03-18,448.3599853515625
1993-03-19,451.8999938964844
1993-03-22,450.1700134277344
1993-03-23,448.8800048828125
1993-03-24,448.7099914550781
1993-03-25,448.0899963378906
1993-03-26,450.9100036621094
1993-03-29,447.760009765625
1993-03-30,450.7900085449219
1993-03-31,451.9700012207031
1993-04-01,451.6700134277344
1993-04-02,450.2799987792969
1993-04-05,441.4200134277344
1993-04-06,442.2900085449219
1993-04-07,441.1600036621094
1993-04-08,442.7099914550781
1993-04-12,441.8399963378906
1993-04-13,448.4100036621094
1993-04-14,449.2200012207031
1993-04-15,448.6000061035156
1993-04-16,448.4100036621094
1993-04-19,448.94000244140625
1993-04-20,447.4599914550781
1993-04-21,445.0899963378906
1993-04-22,443.54998779296875
1993-04-23,439.489990234375
1993-04-26,437.0299987792969
1993-04-27,433.5199890136719
1993-04-28,438.010009765625
1993-04-29,438.0199890136719
1993-04-30,438.8900146484375
1993-05-03,440.19000244140625
1993-05-04,442.5799865722656
1993-05-05,443.9800109863281
1993-05-06,444.6000061035156
1993-05-07,443.2799987792969
1993-05-10,442.3399963378906
1993-05-11,442.79998779296875
1993-05-12,444.32000732421875
1993-05-13,444.75
1993-05-14,439.2200012207031
1993-05-17,439.55999755859375
1993-05-18,440.3900146484375
1993-05-19,440.32000732421875
1993-05-20,447.57000732421875
1993-05-21,450.5899963378906
1993-05-24,445.8399963378906
1993-05-25,448.0
1993-05-26,448.8500061035156
1993-05-27,453.44000244140625
1993-05-28,452.4100036621094
1993-06-01,450.2300109863281
1993-06-02,453.8299865722656
1993-06-03,453.8399963378906
1993-06-04,452.42999267578125
1993-06-07,450.07000732421875
1993-06-08,447.6499938964844
1993-06-09,444.7099914550781
1993-06-10,445.7799987792969
1993-06-11,445.3800048828125
1993-06-14,447.260009765625
1993-06-15,447.7300109863281
1993-06-16,446.2699890136719
1993-06-17,447.42999267578125
1993-06-18,448.5400085449219
1993-06-21,443.67999267578125
1993-06-22,446.25
1993-06-23,445.9599914550781
1993-06-24,443.0400085449219
1993-06-25,446.6199951171875
1993-06-28,447.6000061035156
1993-06-29,451.8900146484375
1993-06-30,450.69000244140625
1993-07-01,450.5400085449219
1993-07-02,449.0199890136719
1993-07-06,445.8599853515625
1993-07-07,441.3999938964844
1993-07-08,442.8399963378906
1993-07-09,448.6400146484375
1993-07-12,448.1300048828125
1993-07-13,449.0
1993-07-14,448.0799865722656
1993-07-15,450.0899963378906
1993-07-16,449.07000732421875
1993-07-19,445.75
1993-07-20,446.0299987792969
1993-07-21,447.2799987792969
1993-07-22,447.17999267578125
1993-07-23,444.5400085449219
1993-07-26,447.05999755859375
1993-07-27,449.0
1993-07-28,448.25
1993-07-29,447.19000244140625
1993-07-30,450.19000244140625
1993-08-02,448.1300048828125
1993-08-03,450.1499938964844
1993-08-04,449.2699890136719
1993-08-05,448.54998779296875
1993-08-06,448.1300048828125
1993-08-09,448.67999267578125
1993-08-10,450.7099914550781
1993-08-11,449.6000061035156
1993-08-12,450.4700012207031
1993-08-13,448.9700012207031
1993-08-16,450.25
1993-08-17,452.3800048828125
1993-08-18,453.2099914550781
1993-08-19,456.010009765625
1993-08-20,456.510009765625
1993-08-23,456.1199951171875
1993-08-24,455.2300109863281
1993-08-25,459.75
1993-08-26,460.0400085449219
1993-08-27,461.04998779296875
1993-08-30,460.5400085449219
1993-08-31,461.8999938964844
1993-09-01,463.54998779296875
1993-09-02,463.1300048828125
1993-09-03,461.29998779296875
1993-09-07,461.3399963378906
1993-09-08,458.5199890136719
1993-09-09,456.6499938964844
1993-09-10,457.489990234375
1993-09-13,461.70001220703125
1993-09-14,461.92999267578125
1993-09-15,459.8999938964844
1993-09-16,461.5400085449219
1993-09-17,459.42999267578125
1993-09-20,458.8399963378906
1993-09-21,455.04998779296875
1993-09-22,452.94000244140625
1993-09-23,456.25
1993-09-24,457.739990234375
1993-09-27,457.6300048828125
1993-09-28,461.8399963378906
1993-09-29,461.6000061035156
1993-09-30,460.1099853515625
1993-10-01,458.92999267578125
1993-10-04,461.2799987792969
1993-10-05,461.3399963378906
1993-10-06,461.239990234375
1993-10-07,460.7099914550781
1993-10-08,459.17999267578125
1993-10-11,460.30999755859375
1993-10-12,461.0400085449219
1993-10-13,461.1199951171875
1993-10-14,461.54998779296875
1993-10-15,466.8299865722656
1993-10-18,469.5
1993-10-19,468.4100036621094
1993-10-20,466.2099914550781
1993-10-21,466.05999755859375
1993-10-22,465.3599853515625
1993-10-25,463.2699890136719
1993-10-26,464.20001220703125
1993-10-27,464.29998779296875
1993-10-28,464.5199890136719
1993-10-29,467.7200012207031
1993-11-01,467.8299865722656
1993-11-02,469.1000061035156
1993-11-03,468.44000244140625
1993-11-04,463.0199890136719
1993-11-05,457.489990234375
1993-11-08,459.57000732421875
1993-11-09,460.2099914550781
1993-11-10,460.3999938964844
1993-11-11,463.7200012207031
1993-11-12,462.6400146484375
1993-11-15,465.3900146484375
1993-11-16,463.75
1993-11-17,466.739990234375
1993-11-18,464.8299865722656
1993-11-19,463.5899963378906
1993-11-22,462.6000061035156
1993-11-23,459.1300048828125
1993-11-24,461.0299987792969
1993-11-26,462.3599853515625
1993-11-29,463.05999755859375
1993-11-30,461.8999938964844
1993-12-01,461.92999267578125
1993-12-02,461.8900146484375
1993-12-03,463.1300048828125
1993-12-06,464.8900146484375
1993-12-07,466.42999267578125
1993-12-08,465.8800048828125
1993-12-09,466.2900085449219
1993-12-10,464.17999267578125
1993-12-13,463.92999267578125
1993-12-14,465.7300109863281
1993-12-15,463.05999755859375
1993-12-16,461.8599853515625
1993-12-17,463.3399963378906
1993-12-20,466.3800048828125
1993-12-21,465.8399963378906
1993-12-22,465.0799865722656
1993-12-23,467.29998779296875
1993-12-27,467.3999938964844
1993-12-28,470.6099853515625
1993-12-29,470.8800048828125
1993-12-30,470.5799865722656
1993-12-31,468.6600036621094
1994-01-03,466.510009765625
1994-01-04,465.44000244140625
1994-01-05,466.8900146484375
1994-01-06,467.54998779296875
1994-01-07,467.0899963378906
1994-01-10,469.8999938964844
1994-01-11,475.2699890136719
1994-01-12,474.1300048828125
1994-01-13,474.1700134277344
1994-01-14,472.5
1994-01-17,474.9100036621094
1994-01-18,473.29998779296875
1994-01-19,474.25
1994-01-20,474.29998779296875
1994-01-21,474.9800109863281
1994-01-24,474.7200012207031
1994-01-25,471.9700012207031
1994-01-26,470.9200134277344
1994-01-27,473.20001220703125
1994-01-28,477.04998779296875
1994-01-31,478.70001220703125
1994-02-01,481.6000061035156
1994-02-02,479.6199951171875
1994-02-03,481.9599914550781
1994-02-04,480.67999267578125
1994-02-07,469.80999755859375
1994-02-08,471.760009765625
1994-02-09,471.04998779296875
1994-02-10,472.80999755859375
1994-02-11,468.92999267578125
1994-02-14,470.17999267578125
1994-02-15,470.2300109863281
1994-02-16,472.5299987792969
1994-02-17,472.7900085449219
1994-02-18,470.2900085449219
1994-02-22,467.69000244140625
1994-02-23,471.4800109863281
1994-02-24,470.6499938964844
1994-02-25,464.3299865722656
1994-02-28,466.07000732421875
1994-03-01,467.19000244140625
1994-03-02,464.3999938964844
1994-03-03,464.80999755859375
1994-03-04,463.0299987792969
1994-03-07,464.739990234375
1994-03-08,466.9200134277344
1994-03-09,465.94000244140625
1994-03-10,467.0799865722656
1994-03-11,463.8599853515625
1994-03-14,466.44000244140625
1994-03-15,467.3900146484375
1994-03-16,467.0400085449219
1994-03-17,469.4200134277344
1994-03-18,470.8900146484375
1994-03-21,471.05999755859375
1994-03-22,468.3999938964844
1994-03-23,468.8900146484375
1994-03-24,468.57000732421875
1994-03-25,464.3500061035156
1994-03-28,460.5799865722656
1994-03-29,460.0
1994-03-30,452.4800109863281
1994-03-31,445.54998779296875
1994-04-04,445.6600036621094
1994-04-05,439.1400146484375
1994-04-06,448.2900085449219
1994-04-07,448.1099853515625
1994-04-08,450.8900146484375
1994-04-11,447.1199951171875
1994-04-12,449.8299865722656
1994-04-13,447.6300048828125
1994-04-14,446.260009765625
1994-04-15,446.3800048828125
1994-04-18,446.2699890136719
1994-04-19,442.5400085449219
1994-04-20,442.5400085449219
1994-04-21,441.9599914550781
1994-04-22,448.7300109863281
1994-04-25,447.6400146484375
1994-04-26,452.7099914550781
1994-04-28,451.8399963378906
1994-04-29,449.07000732421875
1994-05-02,450.9100036621094
1994-05-03,453.05999755859375
1994-05-04,453.0400085449219
1994-05-05,451.7200012207031
1994-05-06,451.3699951171875
1994-05-09,447.82000732421875
1994-05-10,442.3699951171875
1994-05-11,446.0299987792969
1994-05-12,441.5
1994-05-13,443.6199951171875
1994-05-16,444.1499938964844
1994-05-17,444.489990234375
1994-05-18,449.3900146484375
1994-05-19,453.69000244140625
1994-05-20,456.4800109863281
1994-05-23,454.9200134277344
1994-05-24,453.2099914550781
1994-05-25,454.8399963378906
1994-05-26,456.3299865722656
1994-05-27,457.0299987792969
1994-05-31,457.32000732421875
1994-06-01,456.5
1994-06-02,457.6199951171875
1994-06-03,457.6499938964844
1994-06-06,460.1300048828125
1994-06-07,458.8800048828125
1994-06-08,458.2099914550781
1994-06-09,457.05999755859375
1994-06-10,457.8599853515625
1994-06-13,458.6700134277344
1994-06-14,459.1000061035156
1994-06-15,462.3800048828125
1994-06-16,460.6099853515625
1994-06-17,461.92999267578125
1994-06-20,458.45001220703125
1994-06-21,455.4800109863281
1994-06-22,451.3999938964844
1994-06-23,453.0899963378906
1994-06-24,449.6300048828125
1994-06-27,442.7799987792969
1994-06-28,447.3599853515625
1994-06-29,446.04998779296875
1994-06-30,447.6300048828125
1994-07-01,444.2699890136719
1994-07-05,446.20001220703125
1994-07-06,446.2900085449219
1994-07-07,446.1499938964844
1994-07-08,448.3800048828125
1994-07-11,449.55999755859375
1994-07-12,448.0199890136719
1994-07-13,448.0299987792969
1994-07-14,448.7300109863281
1994-07-15,453.2799987792969
1994-07-18,454.4100036621094
1994-07-19,455.2200012207031
1994-07-20,453.8900146484375
1994-07-21,451.6000061035156
1994-07-22,452.6099853515625
1994-07-25,453.1000061035156
1994-07-26,454.25
1994-07-27,453.3599853515625
1994-07-28,452.57000732421875
1994-07-29,454.25
1994-08-01,458.2799987792969
1994-08-02,461.010009765625
1994-08-03,460.6499938964844
1994-08-04,461.45001220703125
1994-08-05,458.3399963378906
1994-08-08,457.0799865722656
1994-08-09,457.8900146484375
1994-08-10,457.9800109863281
1994-08-11,460.30999755859375
1994-08-12,458.8800048828125
1994-08-15,461.9700012207031
1994-08-16,461.2200012207031
1994-08-17,465.1099853515625
1994-08-18,465.1000061035156
1994-08-19,463.25
1994-08-22,463.6099853515625
1994-08-23,462.3900146484375
1994-08-24,464.510009765625
1994-08-25,469.07000732421875
1994-08-26,468.0799865722656
1994-08-29,473.8900146484375
1994-08-30,474.5899963378906
1994-08-31,476.07000732421875
1994-09-01,475.489990234375
1994-09-02,473.20001220703125
1994-09-06,471.0
1994-09-07,471.8599853515625
1994-09-08,470.9599914550781
1994-09-09,473.1300048828125
1994-09-12,468.17999267578125
1994-09-13,466.2699890136719
1994-09-14,467.54998779296875
1994-09-15,468.79998779296875
1994-09-16,474.80999755859375
1994-09-19,471.2099914550781
1994-09-20,470.8299865722656
1994-09-21,463.4200134277344
1994-09-22,461.45001220703125
1994-09-23,461.2699890136719
1994-09-26,459.6499938964844
1994-09-27,460.82000732421875
1994-09-28,462.1000061035156
1994-09-29,464.8399963378906
1994-09-30,462.2699890136719
1994-10-03,462.69000244140625
1994-10-04,461.7699890136719
1994-10-05,454.5899963378906
1994-10-06,453.5199890136719
1994-10-07,452.3699951171875
1994-10-10,455.1199951171875
1994-10-11,459.0400085449219
1994-10-12,465.7799987792969
1994-10-13,465.55999755859375
1994-10-14,467.7799987792969
1994-10-17,469.1099853515625
1994-10-18,469.0199890136719
1994-10-19,467.69000244140625
1994-10-20,470.3699951171875
1994-10-21,466.69000244140625
1994-10-24,464.8900146484375
1994-10-25,460.8299865722656
1994-10-26,461.54998779296875
1994-10-27,462.67999267578125
1994-10-28,465.8399963378906
1994-10-31,473.760009765625
1994-11-01,472.260009765625
1994-11-02,468.4100036621094
1994-11-03,466.5
1994-11-04,467.9599914550781
1994-11-07,462.30999755859375
1994-11-08,463.0799865722656
1994-11-09,465.6499938964844
1994-11-10,465.3999938964844
1994-11-11,464.1700134277344
1994-11-14,462.44000244140625
1994-11-15,466.0400085449219
1994-11-16,465.05999755859375
1994-11-17,465.7099914550781
1994-11-18,463.6000061035156
1994-11-21,461.69000244140625
1994-11-22,457.95001220703125
1994-11-23,450.010009765625
1994-11-25,449.94000244140625
1994-11-28,452.260009765625
1994-11-29,454.2300109863281
1994-11-30,455.1700134277344
1994-12-01,453.54998779296875
1994-12-02,448.9200134277344
1994-12-05,453.29998779296875
1994-12-06,453.2900085449219
1994-12-07,453.1099853515625
1994-12-08,451.2300109863281
1994-12-09,445.45001220703125
1994-12-12,446.95001220703125
1994-12-13,449.5199890136719
1994-12-14,450.04998779296875
1994-12-15,454.9700012207031
1994-12-16,455.3500061035156
1994-12-19,458.7799987792969
1994-12-20,458.0799865722656
1994-12-21,457.239990234375
1994-12-22,459.6199951171875
1994-12-23,459.70001220703125
1994-12-27,459.8500061035156
1994-12-28,462.4700012207031
1994-12-29,460.9200134277344
1994-12-30,461.1700134277344
1995-01-03,459.2099914550781
1995-01-04,459.1300048828125
1995-01-05,460.7300109863281
1995-01-06,460.3800048828125
1995-01-09,460.6700134277344
1995-01-10,460.8999938964844
1995-01-11,461.67999267578125
1995-01-12,461.6400146484375
1995-01-13,461.6400146484375
1995-01-16,465.9700012207031
1995-01-17,469.3800048828125
1995-01-18,470.04998779296875
1995-01-19,469.7200012207031
1995-01-20,466.95001220703125
1995-01-23,464.7799987792969
1995-01-24,465.80999755859375
1995-01-25,465.8599853515625
1995-01-26,467.44000244140625
1995-01-27,468.32000732421875
1995-01-30,470.3900146484375
1995-01-31,468.510009765625
1995-02-01,470.4200134277344
1995-02-02,470.3999938964844
1995-02-03,472.7799987792969
1995-02-06,478.6400146484375
1995-02-07,481.1400146484375
1995-02-08,480.80999755859375
1995-02-09,481.19000244140625
1995-02-10,480.19000244140625
1995-02-13,481.4599914550781
1995-02-14,481.6499938964844
1995-02-15,482.54998779296875
1995-02-16,484.55999755859375
1995-02-17,485.1499938964844
1995-02-21,481.95001220703125
1995-02-22,482.739990234375
1995-02-23,485.07000732421875
1995-02-24,486.82000732421875
1995-02-27,488.260009765625
1995-02-28,483.80999755859375
1995-03-01,487.3900146484375
1995-03-02,485.6499938964844
1995-03-03,485.1300048828125
1995-03-06,485.4200134277344
1995-03-07,485.6300048828125
1995-03-08,482.1199951171875
1995-03-09,483.1400146484375
1995-03-10,483.1600036621094
1995-03-13,489.57000732421875
1995-03-14,490.04998779296875
1995-03-15,492.8900146484375
1995-03-16,491.8699951171875
1995-03-17,495.42999267578125
1995-03-20,495.5199890136719
1995-03-21,496.1499938964844
1995-03-22,495.07000732421875
1995-03-23,495.6700134277344
1995-03-24,496.07000732421875
1995-03-27,500.9700012207031
1995-03-28,503.19000244140625
1995-03-29,503.9200134277344
1995-03-30,503.1700134277344
1995-03-31,501.94000244140625
1995-04-03,500.70001220703125
1995-04-04,501.8500061035156
1995-04-05,505.2699890136719
1995-04-06,505.6300048828125
1995-04-07,506.1300048828125
1995-04-10,506.29998779296875
1995-04-11,507.239990234375
1995-04-12,505.5899963378906
1995-04-13,507.19000244140625
1995-04-17,509.2300109863281
1995-04-18,506.42999267578125
1995-04-19,505.3699951171875
1995-04-20,504.9200134277344
1995-04-21,505.6300048828125
1995-04-24,508.489990234375
1995-04-25,512.7999877929688
1995-04-26,511.989990234375
1995-04-27,512.7000122070312
1995-04-28,513.6400146484375
1995-05-01,514.760009765625
1995-05-02,514.22998046875
1995-05-03,514.9299926757812
1995-05-04,520.47998046875
1995-05-05,520.75
1995-05-08,520.0900268554688
1995-05-09,523.9600219726562
1995-05-10,523.739990234375
1995-05-11,524.3300170898438
1995-05-12,524.3699951171875
1995-05-15,525.5499877929688
1995-05-16,527.739990234375
1995-05-17,528.1900024414062
1995-05-18,526.8800048828125
1995-05-19,519.5800170898438
1995-05-22,519.1900024414062
1995-05-23,523.6500244140625
1995-05-24,528.5900268554688
1995-05-25,528.3699951171875
1995-05-26,528.5900268554688
1995-05-30,523.6500244140625
1995-05-31,523.7000122070312
1995-06-01,533.4000244140625
1995-06-02,533.489990234375
1995-06-05,532.510009765625
1995-06-06,535.5999755859375
1995-06-07,535.5499877929688
1995-06-08,533.1300048828125
1995-06-09,532.3499755859375
1995-06-12,527.9400024414062
1995-06-13,530.8800048828125
1995-06-14,536.0499877929688
1995-06-15,536.47998046875
1995-06-16,537.510009765625
1995-06-19,539.8300170898438
1995-06-20,545.219970703125
1995-06-21,544.97998046875
1995-06-22,543.97998046875
1995-06-23,551.0700073242188
1995-06-26,549.7100219726562
1995-06-27,544.1099853515625
1995-06-28,542.4299926757812
1995-06-29,544.72998046875
1995-06-30,543.8699951171875
1995-07-03,544.75
1995-07-05,547.0900268554688
1995-07-06,547.260009765625
1995-07-07,553.9000244140625
1995-07-10,556.3699951171875
1995-07-11,556.780029296875
1995-07-12,555.27001953125
1995-07-13,560.8900146484375
1995-07-14,561.0
1995-07-17,560.3400268554688
1995-07-18,562.5499877929688
1995-07-19,556.5800170898438
1995-07-20,550.97998046875
1995-07-21,553.3400268554688
1995-07-24,553.6199951171875
1995-07-25,556.6300048828125
1995-07-26,561.0999755859375
1995-07-27,561.6099853515625
1995-07-28,565.219970703125
1995-07-31,562.9299926757812
1995-08-01,562.0599975585938
1995-08-02,559.6400146484375
1995-08-03,558.7999877929688
1995-08-04,558.75
1995-08-07,558.9400024414062
1995-08-08,560.030029296875
1995-08-09,560.3900146484375
1995-08-10,559.7100219726562
1995-08-11,557.4500122070312
1995-08-14,555.1099853515625
1995-08-15,559.739990234375
1995-08-16,558.5700073242188
1995-08-17,559.969970703125
1995-08-18,559.0399780273438
1995-08-21,559.2100219726562
1995-08-22,558.1099853515625
1995-08-23,559.52001953125
1995-08-24,557.1400146484375
1995-08-25,557.4600219726562
1995-08-28,560.0999755859375
1995-08-29,559.0499877929688
1995-08-30,560.0
1995-08-31,561.0900268554688
1995-09-01,561.8800048828125
1995-09-05,563.8599853515625
1995-09-06,569.1699829101562
1995-09-07,570.1699829101562
1995-09-08,570.2899780273438
1995-09-11,572.6799926757812
1995-09-12,573.9099731445312
1995-09-13,576.510009765625
1995-09-14,578.77001953125
1995-09-15,583.6099853515625
1995-09-18,583.3499755859375
1995-09-19,582.780029296875
1995-09-20,584.2000122070312
1995-09-21,586.77001953125
1995-09-22,583.0
1995-09-25,581.72998046875
1995-09-26,581.8099975585938
1995-09-27,581.4099731445312
1995-09-28,581.0399780273438
1995-09-29,585.8699951171875
1995-10-02,584.4099731445312
1995-10-03,581.719970703125
1995-10-04,582.3400268554688
1995-10-05,581.469970703125
1995-10-06,582.6300048828125
1995-10-09,582.489990234375
1995-10-10,578.3699951171875
1995-10-11,577.52001953125
1995-10-12,579.4600219726562
1995-10-13,583.0999755859375
1995-10-16,584.5
1995-10-17,583.030029296875
1995-10-18,586.780029296875
1995-10-19,587.4400024414062
1995-10-20,590.6500244140625
1995-10-23,587.4600219726562
1995-10-24,585.0599975585938
1995-10-25,586.5399780273438
1995-10-26,582.469970703125
1995-10-27,576.719970703125
1995-10-30,579.7000122070312
1995-10-31,583.25
1995-11-01,581.5
1995-11-02,584.219970703125
1995-11-03,589.719970703125
1995-11-06,590.5700073242188
1995-11-07,588.4600219726562
1995-11-08,586.3200073242188
1995-11-09,591.7100219726562
1995-11-10,593.260009765625
1995-11-13,592.719970703125
1995-11-14,592.2999877929688
1995-11-15,589.2899780273438
1995-11-16,593.9600219726562
1995-11-17,597.3400268554688
1995-11-20,600.0700073242188
1995-11-21,596.8499755859375
1995-11-22,600.239990234375
1995-11-24,598.4000244140625
1995-11-27,599.969970703125
1995-11-28,601.3200073242188
1995-11-29,606.4500122070312
1995-11-30,607.6400146484375
1995-12-01,605.3699951171875
1995-12-04,606.97998046875
1995-12-05,613.6799926757812
1995-12-06,617.6799926757812
1995-12-07,620.1799926757812
1995-12-08,616.1699829101562
1995-12-11,617.47998046875
1995-12-12,619.52001953125
1995-12-13,618.780029296875
1995-12-14,621.6900024414062
1995-12-15,616.9199829101562
1995-12-18,616.3400268554688
1995-12-19,606.8099975585938
1995-12-20,611.9299926757812
1995-12-21,605.9400024414062
1995-12-22,610.489990234375
1995-12-26,611.9600219726562
1995-12-27,614.2999877929688
1995-12-28,614.530029296875
1995-12-29,614.1199951171875
1996-01-02,615.9299926757812
1996-01-03,620.72998046875
1996-01-04,621.3200073242188
1996-01-05,617.7000122070312
1996-01-08,616.7100219726562
1996-01-09,618.4600219726562
1996-01-10,609.4500122070312
1996-01-11,598.47998046875
1996-01-12,602.6900024414062
1996-01-15,601.8099975585938
1996-01-16,599.8200073242188
1996-01-17,608.4400024414062
1996-01-18,606.3699951171875
1996-01-19,608.239990234375
1996-01-22,611.8300170898438
1996-01-23,613.4000244140625
1996-01-24,612.7899780273438
1996-01-25,619.9600219726562
1996-01-26,617.030029296875
1996-01-29,621.6199951171875
1996-01-30,624.219970703125
1996-01-31,630.1500244140625
1996-02-01,636.02001953125
1996-02-02,638.4600219726562
1996-02-05,635.8400268554688
1996-02-06,641.4299926757812
1996-02-07,646.3300170898438
1996-02-08,649.9299926757812
1996-02-09,656.0700073242188
1996-02-12,656.3699951171875
1996-02-13,661.4500122070312
1996-02-14,660.510009765625
1996-02-15,655.5800170898438
1996-02-16,651.3200073242188
1996-02-20,647.97998046875
1996-02-21,640.6500244140625
1996-02-22,648.0999755859375
1996-02-23,658.8599853515625
1996-02-26,659.0800170898438
1996-02-27,650.4600219726562
1996-02-28,647.239990234375
1996-02-29,644.75
1996-03-01,640.4299926757812
1996-03-04,644.3699951171875
1996-03-05,650.8099975585938
1996-03-06,655.7899780273438
1996-03-07,652.0
1996-03-08,653.6500244140625
1996-03-11,633.5
1996-03-12,640.02001953125
1996-03-13,637.0900268554688
1996-03-14,638.5499877929688
1996-03-15,640.8699951171875
1996-03-18,641.4299926757812
1996-03-19,652.6500244140625
1996-03-20,651.6900024414062
1996-03-21,649.97998046875
1996-03-22,649.1900024414062
1996-03-25,650.6199951171875
1996-03-26,650.0399780273438
1996-03-27,652.969970703125
1996-03-28,648.9099731445312
1996-03-29,648.9400024414062
1996-04-01,645.5
1996-04-02,653.72998046875
1996-04-03,655.260009765625
1996-04-04,655.8800048828125
1996-04-08,655.8599853515625
1996-04-09,644.239990234375
1996-04-10,642.1900024414062
1996-04-11,633.5
1996-04-12,631.1799926757812
1996-04-15,636.7100219726562
1996-04-16,642.489990234375
1996-04-17,645.0
1996-04-18,641.6099853515625
1996-04-19,643.6099853515625
1996-04-22,645.0700073242188
1996-04-23,647.8900146484375
1996-04-24,651.5800170898438
1996-04-25,650.1699829101562
1996-04-26,652.8699951171875
1996-04-29,653.4600219726562
1996-04-30,654.1599731445312
1996-05-01,654.1699829101562
1996-05-02,654.5800170898438
1996-05-03,643.3800048828125
1996-05-06,641.6300048828125
1996-05-07,640.8099975585938
1996-05-08,638.260009765625
1996-05-09,644.77001953125
1996-05-10,645.4400024414062
1996-05-13,652.0900268554688
1996-05-14,661.510009765625
1996-05-15,665.5999755859375
1996-05-16,665.4199829101562
1996-05-17,664.8499755859375
1996-05-20,668.9099731445312
1996-05-21,673.1500244140625
1996-05-22,672.760009765625
1996-05-23,678.4199829101562
1996-05-24,676.0
1996-05-28,678.510009765625
1996-05-29,672.22998046875
1996-05-30,667.9299926757812
1996-05-31,671.7000122070312
1996-06-03,669.1199951171875
1996-06-04,667.6799926757812
1996-06-05,672.5599975585938
1996-06-06,678.4400024414062
1996-06-07,673.030029296875
1996-06-10,673.3099975585938
1996-06-11,672.1599731445312
1996-06-12,670.969970703125
1996-06-13,669.0399780273438
1996-06-14,667.9199829101562
1996-06-17,665.8499755859375
1996-06-18,665.1599731445312
1996-06-19,662.0599975585938
1996-06-20,661.9600219726562
1996-06-21,662.0999755859375
1996-06-24,666.8400268554688
1996-06-25,668.8499755859375
1996-06-26,668.47998046875
1996-06-27,664.3900146484375
1996-06-28,668.5499877929688
1996-07-01,670.6300048828125
1996-07-02,675.8800048828125
1996-07-03,673.6099853515625
1996-07-05,672.4000244140625
1996-07-08,657.4400024414062
1996-07-09,652.5399780273438
1996-07-10,654.75
1996-07-11,656.0599975585938
1996-07-12,645.6699829101562
1996-07-15,646.1900024414062
1996-07-16,629.7999877929688
1996-07-17,628.3699951171875
1996-07-18,634.0700073242188
1996-07-19,643.510009765625
1996-07-22,638.72998046875
1996-07-23,633.7899780273438
1996-07-24,626.1900024414062
1996-07-25,626.6500244140625
1996-07-26,631.1699829101562
1996-07-29,635.9000244140625
1996-07-30,630.9099731445312
1996-07-31,635.260009765625
1996-08-01,639.9500122070312
1996-08-02,650.02001953125
1996-08-05,662.489990234375
1996-08-06,660.22998046875
1996-08-07,662.3800048828125
1996-08-08,664.1599731445312
1996-08-09,662.5900268554688
1996-08-12,662.0999755859375
1996-08-13,665.77001953125
1996-08-14,660.2000122070312
1996-08-15,662.0499877929688
1996-08-16,662.280029296875
1996-08-19,665.2100219726562
1996-08-20,666.5800170898438
1996-08-21,665.6900024414062
1996-08-22,665.0700073242188
1996-08-23,670.6799926757812
1996-08-26,667.030029296875
1996-08-27,663.8800048828125
1996-08-28,666.4000244140625
1996-08-29,664.8099975585938
1996-08-30,657.4000244140625
1996-09-03,651.989990234375
1996-09-04,654.719970703125
1996-09-05,655.6099853515625
1996-09-06,649.4400024414062
1996-09-09,655.6799926757812
1996-09-10,663.760009765625
1996-09-11,663.8099975585938
1996-09-12,667.280029296875
1996-09-13,671.1500244140625
1996-09-16,680.5399780273438
1996-09-17,683.97998046875
1996-09-18,682.9400024414062
1996-09-19,681.469970703125
1996-09-20,683.0
1996-09-23,687.030029296875
1996-09-24,686.47998046875
1996-09-25,685.6099853515625
1996-09-26,685.8300170898438
1996-09-27,685.8599853515625
1996-09-30,686.1900024414062
1996-10-01,687.3099975585938
1996-10-02,689.0800170898438
1996-10-03,694.010009765625
1996-10-04,692.780029296875
1996-10-07,701.4600219726562
1996-10-08,703.3400268554688
1996-10-09,700.6400146484375
1996-10-10,696.739990234375
1996-10-11,694.6099853515625
1996-10-14,700.6599731445312
1996-10-15,703.5399780273438
1996-10-16,702.5700073242188
1996-10-17,705.0
1996-10-18,706.989990234375
1996-10-21,710.8200073242188
1996-10-22,709.8499755859375
1996-10-23,706.5700073242188
1996-10-24,707.27001953125
1996-10-25,702.2899780273438
1996-10-28,700.9199829101562
1996-10-29,697.260009765625
1996-10-30,701.5
1996-10-31,700.9000244140625
1996-11-01,705.27001953125
1996-11-04,703.77001953125
1996-11-05,706.72998046875
1996-11-06,714.1400146484375
1996-11-07,724.5900268554688
1996-11-08,727.6500244140625
1996-11-11,730.8200073242188
1996-11-12,731.8699951171875
1996-11-13,729.5599975585938
1996-11-14,731.1300048828125
1996-11-15,735.8800048828125
1996-11-18,737.6199951171875
1996-11-19,737.02001953125
1996-11-20,742.1599731445312
1996-11-21,743.9500122070312
1996-11-22,742.75
1996-11-25,748.72998046875
1996-11-26,757.030029296875
1996-11-27,755.9600219726562
1996-11-29,755.0
1996-12-02,757.02001953125
1996-12-03,756.5599975585938
1996-12-04,748.280029296875
1996-12-05,745.0999755859375
1996-12-06,744.3800048828125
1996-12-09,739.5999755859375
1996-12-10,749.760009765625
1996-12-11,747.5399780273438
1996-12-12,740.72998046875
1996-12-13,729.3300170898438
1996-12-16,728.6400146484375
1996-12-17,720.97998046875
1996-12-18,726.0399780273438
1996-12-19,731.5399780273438
1996-12-20,745.760009765625
1996-12-23,748.8699951171875
1996-12-24,746.9199829101562
1996-12-26,751.030029296875
1996-12-27,755.8200073242188
1996-12-30,756.7899780273438
1996-12-31,753.8499755859375
1997-01-02,740.739990234375
1997-01-03,737.010009765625
1997-01-06,748.030029296875
1997-01-07,747.6500244140625
1997-01-08,753.22998046875
1997-01-09,748.4099731445312
1997-01-10,754.8499755859375
1997-01-13,759.5
1997-01-14,759.510009765625
1997-01-15,768.8599853515625
1997-01-16,767.2000122070312
1997-01-17,769.75
1997-01-20,776.1699829101562
1997-01-21,776.7000122070312
1997-01-22,782.719970703125
1997-01-23,786.22998046875
1997-01-24,777.5599975585938
1997-01-27,770.52001953125
1997-01-28,765.02001953125
1997-01-29,765.02001953125
1997-01-30,772.5
1997-01-31,784.1699829101562
1997-02-03,786.1599731445312
1997-02-04,786.72998046875
1997-02-05,789.260009765625
1997-02-06,778.280029296875
1997-02-07,780.1500244140625
1997-02-10,789.5599975585938
1997-02-11,785.4299926757812
1997-02-12,789.5900268554688
1997-02-13,802.77001953125
1997-02-14,811.8200073242188
1997-02-18,808.47998046875
1997-02-19,816.2899780273438
1997-02-20,812.489990234375
1997-02-21,802.7999877929688
1997-02-24,801.77001953125
1997-02-25,810.280029296875
1997-02-26,812.0999755859375
1997-02-27,805.6799926757812
1997-02-28,795.0700073242188
1997-03-03,790.8200073242188
1997-03-04,795.3099975585938
1997-03-05,790.9500122070312
1997-03-06,801.989990234375
1997-03-07,798.5599975585938
1997-03-10,804.969970703125
1997-03-11,813.6500244140625
1997-03-12,811.3400268554688
1997-03-13,804.260009765625
1997-03-14,789.5599975585938
1997-03-17,793.1699829101562
1997-03-18,795.7100219726562
1997-03-19,789.6599731445312
1997-03-20,785.77001953125
1997-03-21,782.6500244140625
1997-03-24,784.0999755859375
1997-03-25,790.8900146484375
1997-03-26,789.0700073242188
1997-03-27,790.5
1997-03-31,773.8800048828125
1997-04-01,757.1199951171875
1997-04-02,759.6400146484375
1997-04-03,750.1099853515625
1997-04-04,750.3200073242188
1997-04-07,757.9000244140625
1997-04-08,762.1300048828125
1997-04-09,766.1199951171875
1997-04-10,760.5999755859375
1997-04-11,758.3400268554688
1997-04-14,737.6500244140625
1997-04-15,743.72998046875
1997-04-16,754.719970703125
1997-04-17,763.530029296875
1997-04-18,761.77001953125
1997-04-21,766.3400268554688
1997-04-22,760.3699951171875
1997-04-23,774.6099853515625
1997-04-24,773.6400146484375
1997-04-25,771.1799926757812
1997-04-28,765.3699951171875
1997-04-29,772.9600219726562
1997-04-30,794.0499877929688
1997-05-01,801.3400268554688
1997-05-02,798.530029296875
1997-05-05,812.969970703125
1997-05-06,830.239990234375
1997-05-07,827.760009765625
1997-05-08,815.6199951171875
1997-05-09,820.260009765625
1997-05-12,824.780029296875
1997-05-13,837.6599731445312
1997-05-14,833.1300048828125
1997-05-15,836.0399780273438
1997-05-16,841.8800048828125
1997-05-19,829.75
1997-05-20,833.27001953125
1997-05-21,841.6599731445312
1997-05-22,839.3499755859375
1997-05-23,835.6599731445312
1997-05-27,847.030029296875
1997-05-28,849.7100219726562
1997-05-29,847.2100219726562
1997-05-30,844.0800170898438
1997-06-02,848.280029296875
1997-06-03,846.3599853515625
1997-06-04,845.47998046875
1997-06-05,840.1099853515625
1997-06-06,843.4299926757812
1997-06-09,858.010009765625
1997-06-10,862.9099731445312
1997-06-11,865.27001953125
1997-06-12,869.5700073242188
1997-06-13,883.47998046875
1997-06-16,893.27001953125
1997-06-17,893.9000244140625
1997-06-18,894.4199829101562
1997-06-19,889.0599975585938
1997-06-20,897.989990234375
1997-06-23,898.7000122070312
1997-06-24,878.6199951171875
1997-06-25,896.3400268554688
1997-06-26,888.989990234375
1997-06-27,883.6799926757812
1997-06-30,887.2999877929688
1997-07-01,885.1400146484375
1997-07-02,891.030029296875
1997-07-03,904.030029296875
1997-07-07,916.9199829101562
1997-07-08,912.2000122070312
1997-07-09,918.75
1997-07-10,907.5399780273438
1997-07-11,913.780029296875
1997-07-14,916.6799926757812
1997-07-15,918.3800048828125
1997-07-16,925.760009765625
1997-07-17,936.5900268554688
1997-07-18,931.6099853515625
1997-07-21,915.2999877929688
1997-07-22,912.9400024414062
1997-07-23,933.97998046875
1997-07-24,936.5599975585938
1997-07-25,940.2999877929688
1997-07-28,938.7899780273438
1997-07-29,936.4500122070312
1997-07-30,942.2899780273438
1997-07-31,952.2899780273438
1997-08-01,954.2899780273438
1997-08-04,947.1400146484375
1997-08-05,950.2999877929688
1997-08-06,952.3699951171875
1997-08-07,960.3200073242188
1997-08-08,951.1900024414062
1997-08-11,933.5399780273438
1997-08-12,937.0
1997-08-13,926.530029296875
1997-08-14,922.02001953125
1997-08-15,924.77001953125
1997-08-18,900.8099975585938
1997-08-19,912.489990234375
1997-08-20,926.010009765625
1997-08-21,939.3499755859375
1997-08-22,925.0499877929688
1997-08-25,923.5499877929688
1997-08-26,920.1599731445312
1997-08-27,913.02001953125
1997-08-28,913.7000122070312
1997-08-29,903.6699829101562
1997-09-02,899.469970703125
1997-09-03,927.5800170898438
1997-09-04,927.8599853515625
1997-09-05,930.8699951171875
1997-09-08,929.0499877929688
1997-09-09,931.2000122070312
1997-09-10,933.6199951171875
1997-09-11,919.030029296875
1997-09-12,912.5900268554688
1997-09-15,923.9099731445312
1997-09-16,919.77001953125
1997-09-17,945.6400146484375
1997-09-18,943.0
1997-09-19,947.2899780273438
1997-09-22,950.510009765625
1997-09-23,955.4299926757812
1997-09-24,951.9299926757812
1997-09-25,944.47998046875
1997-09-26,937.9099731445312
1997-09-29,945.219970703125
1997-09-30,953.3400268554688
1997-10-01,947.280029296875
1997-10-02,955.4099731445312
1997-10-03,960.4600219726562
1997-10-06,965.030029296875
1997-10-07,972.6900024414062
1997-10-08,983.1199951171875
1997-10-09,973.8400268554688
1997-10-10,970.6199951171875
1997-10-13,966.97998046875
1997-10-14,968.0999755859375
1997-10-15,970.280029296875
1997-10-16,965.719970703125
1997-10-17,955.22998046875
1997-10-20,944.1599731445312
1997-10-21,955.6099853515625
1997-10-22,972.280029296875
1997-10-23,968.489990234375
1997-10-24,950.6900024414062
1997-10-27,941.6400146484375
1997-10-28,876.989990234375
1997-10-29,921.8499755859375
1997-10-30,919.1599731445312
1997-10-31,903.6799926757812
1997-11-03,914.6199951171875
1997-11-04,938.989990234375
1997-11-05,940.760009765625
1997-11-06,942.760009765625
1997-11-07,938.030029296875
1997-11-10,927.510009765625
1997-11-11,921.1300048828125
1997-11-12,923.780029296875
1997-11-13,905.9600219726562
1997-11-14,916.6599731445312
1997-11-17,928.3499755859375
1997-11-18,946.2000122070312
1997-11-19,938.22998046875
1997-11-20,944.5900268554688
1997-11-21,958.97998046875
1997-11-24,963.0900268554688
1997-11-25,946.6699829101562
1997-11-26,950.8200073242188
1997-11-28,951.6400146484375
1997-12-01,955.4000244140625
1997-12-02,974.780029296875
1997-12-03,971.6799926757812
1997-12-04,976.77001953125
1997-12-05,973.0999755859375
1997-12-08,983.7899780273438
1997-12-09,982.3699951171875
1997-12-10,975.780029296875
1997-12-11,969.7899780273438
1997-12-12,954.9400024414062
1997-12-15,953.3900146484375
1997-12-16,963.3900146484375
1997-12-17,968.0399780273438
1997-12-18,965.5399780273438
1997-12-19,955.2999877929688
1997-12-22,946.780029296875
1997-12-23,953.7000122070312
1997-12-24,939.1300048828125
1997-12-26,932.7000122070312
1997-12-29,936.4600219726562
1997-12-30,953.3499755859375
1997-12-31,970.8400268554688
1998-01-02,970.4299926757812
1998-01-05,975.0399780273438
1998-01-06,977.0700073242188
1998-01-07,966.5800170898438
1998-01-08,964.0
1998-01-09,956.0499877929688
1998-01-12,927.6900024414062
1998-01-13,939.2100219726562
1998-01-14,952.1199951171875
1998-01-15,957.9400024414062
1998-01-16,950.72998046875
1998-01-20,961.510009765625
1998-01-21,978.5999755859375
1998-01-22,970.8099975585938
1998-01-23,963.0399780273438
1998-01-26,957.5900268554688
1998-01-27,956.9500122070312
1998-01-28,969.02001953125
1998-01-29,977.4600219726562
1998-01-30,985.489990234375
1998-02-02,980.280029296875
1998-02-03,1001.27001953125
1998-02-04,1006.0
1998-02-05,1006.9000244140625
1998-02-06,1003.5399780273438
1998-02-09,1012.4600219726562
1998-02-10,1010.739990234375
1998-02-11,1019.010009765625
1998-02-12,1020.010009765625
1998-02-13,1024.1400146484375
1998-02-17,1020.0900268554688
1998-02-18,1022.760009765625
1998-02-19,1032.0799560546875
1998-02-20,1028.280029296875
1998-02-23,1034.2099609375
1998-02-24,1038.1400146484375
1998-02-25,1030.56005859375
1998-02-26,1042.9000244140625
1998-02-27,1048.6700439453125
1998-03-02,1049.3399658203125
1998-03-03,1047.699951171875
1998-03-04,1052.02001953125
1998-03-05,1047.3299560546875
1998-03-06,1035.050048828125
1998-03-09,1055.68994140625
1998-03-10,1052.31005859375
1998-03-11,1064.25
1998-03-12,1068.469970703125
1998-03-13,1069.9200439453125
1998-03-16,1068.6099853515625
1998-03-17,1079.27001953125
1998-03-18,1080.449951171875
1998-03-19,1085.52001953125
1998-03-20,1089.739990234375
1998-03-23,1099.1600341796875
1998-03-24,1095.550048828125
1998-03-25,1105.6500244140625
1998-03-26,1101.9300537109375
1998-03-27,1100.800048828125
1998-03-30,1095.43994140625
1998-03-31,1093.550048828125
1998-04-01,1101.75
1998-04-02,1108.1500244140625
1998-04-03,1120.010009765625
1998-04-06,1122.699951171875
1998-04-07,1121.3800048828125
1998-04-08,1109.550048828125
1998-04-09,1101.6500244140625
1998-04-13,1110.6700439453125
1998-04-14,1109.68994140625
1998-04-15,1115.75
1998-04-16,1119.3199462890625
1998-04-17,1108.1700439453125
1998-04-20,1122.719970703125
1998-04-21,1123.6500244140625
1998-04-22,1126.6700439453125
1998-04-23,1130.5400390625
1998-04-24,1119.5799560546875
1998-04-27,1107.9000244140625
1998-04-28,1086.5400390625
1998-04-29,1085.1099853515625
1998-04-30,1094.6300048828125
1998-05-01,1111.75
1998-05-04,1121.0
1998-05-05,1122.0699462890625
1998-05-06,1115.5
1998-05-07,1104.9200439453125
1998-05-08,1095.1400146484375
1998-05-11,1108.1400146484375
1998-05-12,1106.6400146484375
1998-05-13,1115.7900390625
1998-05-14,1118.8599853515625
1998-05-15,1117.3699951171875
1998-05-18,1108.72998046875
1998-05-19,1105.8199462890625
1998-05-20,1109.52001953125
1998-05-21,1119.06005859375
1998-05-22,1114.6400146484375
1998-05-26,1110.469970703125
1998-05-27,1094.02001953125
1998-05-28,1092.22998046875
1998-05-29,1097.5999755859375
1998-06-01,1090.8199462890625
1998-06-02,1090.97998046875
1998-06-03,1093.219970703125
1998-06-04,1082.72998046875
1998-06-05,1095.0999755859375
1998-06-08,1113.8599853515625
1998-06-09,1115.719970703125
1998-06-10,1118.4100341796875
1998-06-11,1112.280029296875
1998-06-12,1094.5799560546875
1998-06-15,1098.8399658203125
1998-06-16,1077.010009765625
1998-06-17,1087.5899658203125
1998-06-18,1107.1099853515625
1998-06-19,1106.3699951171875
1998-06-22,1100.6500244140625
1998-06-23,1103.2099609375
1998-06-24,1119.489990234375
1998-06-25,1132.8800048828125
1998-06-26,1129.280029296875
1998-06-29,1133.199951171875
1998-06-30,1138.489990234375
1998-07-01,1133.8399658203125
1998-07-02,1148.56005859375
1998-07-06,1146.4200439453125
1998-07-07,1157.3299560546875
1998-07-08,1154.6600341796875
1998-07-09,1166.3800048828125
1998-07-10,1158.5699462890625
1998-07-13,1164.3299560546875
1998-07-14,1165.18994140625
1998-07-15,1177.5799560546875
1998-07-16,1174.81005859375
1998-07-17,1183.989990234375
1998-07-20,1186.75
1998-07-21,1184.0999755859375
1998-07-22,1165.0699462890625
1998-07-23,1164.0799560546875
1998-07-24,1139.75
1998-07-27,1140.800048828125
1998-07-28,1147.27001953125
1998-07-29,1130.239990234375
1998-07-30,1125.2099609375
1998-07-31,1142.949951171875
1998-08-03,1120.6700439453125
1998-08-04,1112.43994140625
1998-08-05,1072.1199951171875
1998-08-06,1081.4300537109375
1998-08-07,1089.6300048828125
1998-08-10,1089.449951171875
1998-08-11,1083.1400146484375
1998-08-12,1068.97998046875
1998-08-13,1084.219970703125
1998-08-14,1074.9100341796875
1998-08-17,1062.75
1998-08-18,1083.6700439453125
1998-08-19,1101.199951171875
1998-08-20,1098.06005859375
1998-08-21,1091.5999755859375
1998-08-24,1081.239990234375
1998-08-25,1088.1400146484375
1998-08-26,1092.8499755859375
1998-08-27,1084.18994140625
1998-08-28,1042.5899658203125
1998-08-31,1027.1400146484375
1998-09-01,957.280029296875
1998-09-02,994.260009765625
1998-09-03,990.469970703125
1998-09-04,982.260009765625
1998-09-08,973.8900146484375
1998-09-09,1023.4600219726562
1998-09-10,1006.2000122070312
1998-09-11,980.1900024414062
1998-09-14,1009.0599975585938
1998-09-15,1029.719970703125
1998-09-16,1037.6800537109375
1998-09-17,1045.47998046875
1998-09-18,1018.8699951171875
1998-09-21,1020.0900268554688
1998-09-22,1023.8900146484375
1998-09-23,1029.6300048828125
1998-09-24,1066.0899658203125
1998-09-25,1042.719970703125
1998-09-28,1044.75
1998-09-29,1048.68994140625
1998-09-30,1049.02001953125
1998-10-01,1017.010009765625
1998-10-02,986.3900146484375
1998-10-05,1002.5999755859375
1998-10-06,988.5599975585938
1998-10-07,984.5900268554688
1998-10-08,970.6799926757812
1998-10-09,959.4400024414062
1998-10-12,984.3900146484375
1998-10-13,997.7100219726562
1998-10-14,994.7999877929688
1998-10-15,1005.530029296875
1998-10-16,1047.489990234375
1998-10-19,1056.4200439453125
1998-10-20,1062.3900146484375
1998-10-21,1063.9300537109375
1998-10-22,1069.9200439453125
1998-10-23,1078.47998046875
1998-10-26,1070.6700439453125
1998-10-27,1072.3199462890625
1998-10-28,1065.3399658203125
1998-10-29,1068.0899658203125
1998-10-30,1085.9300537109375
1998-11-02,1098.6700439453125
1998-11-03,1111.5999755859375
1998-11-04,1110.8399658203125
1998-11-05,1118.6700439453125
1998-11-06,1133.8499755859375
1998-11-09,1141.010009765625
1998-11-10,1130.199951171875
1998-11-11,1128.260009765625
1998-11-12,1120.969970703125
1998-11-13,1117.68994140625
1998-11-16,1125.719970703125
1998-11-17,1135.8699951171875
1998-11-18,1139.3199462890625
1998-11-19,1144.47998046875
1998-11-20,1152.6099853515625
1998-11-23,1163.550048828125
1998-11-24,1188.2099609375
1998-11-25,1182.989990234375
1998-11-27,1186.8699951171875
1998-11-30,1192.3299560546875
1998-12-01,1163.6300048828125
1998-12-02,1175.280029296875
1998-12-03,1171.25
1998-12-04,1150.1400146484375
1998-12-07,1176.739990234375
1998-12-08,1187.699951171875
1998-12-09,1181.3800048828125
1998-12-10,1183.489990234375
1998-12-11,1165.02001953125
1998-12-14,1166.4599609375
1998-12-15,1141.199951171875
1998-12-16,1162.8299560546875
1998-12-17,1161.93994140625
1998-12-18,1179.97998046875
1998-12-21,1188.030029296875
1998-12-22,1202.8399658203125
1998-12-23,1203.5699462890625
1998-12-24,1228.5400390625
1998-12-28,1226.27001953125
1998-12-29,1225.489990234375
1998-12-30,1241.81005859375
1998-12-31,1231.9300537109375
1999-01-04,1229.22998046875
1999-01-05,1228.0999755859375
1999-01-06,1244.780029296875
1999-01-07,1272.3399658203125
1999-01-08,1269.72998046875
1999-01-11,1275.0899658203125
1999-01-12,1263.8800048828125
1999-01-13,1239.510009765625
1999-01-14,1234.4000244140625
1999-01-15,1212.18994140625
1999-01-19,1243.260009765625
1999-01-20,1252.0
1999-01-21,1256.6199951171875
1999-01-22,1235.1600341796875
1999-01-25,1225.18994140625
1999-01-26,1233.97998046875
1999-01-27,1252.31005859375
1999-01-28,1243.1700439453125
1999-01-29,1265.3699951171875
1999-02-01,1279.6400146484375
1999-02-02,1273.0
1999-02-03,1261.989990234375
1999-02-04,1272.0699462890625
1999-02-05,1248.489990234375
1999-02-08,1239.4000244140625
1999-02-09,1243.77001953125
1999-02-10,1216.1400146484375
1999-02-11,1223.550048828125
1999-02-12,1254.0400390625
1999-02-16,1230.1300048828125
1999-02-17,1241.8699951171875
1999-02-18,1224.030029296875
1999-02-19,1237.280029296875
1999-02-22,1239.219970703125
1999-02-23,1272.1400146484375
1999-02-24,1271.1800537109375
1999-02-25,1253.4100341796875
1999-02-26,1245.02001953125
1999-03-01,1238.3299560546875
1999-03-02,1236.1600341796875
1999-03-03,1225.5
1999-03-04,1227.699951171875
1999-03-05,1246.6400146484375
1999-03-08,1275.469970703125
1999-03-09,1282.72998046875
1999-03-10,1279.8399658203125
1999-03-11,1286.8399658203125
1999-03-12,1297.6800537109375
1999-03-15,1294.5899658203125
1999-03-16,1307.260009765625
1999-03-17,1306.3800048828125
1999-03-18,1297.8199462890625
1999-03-19,1316.550048828125
1999-03-22,1299.2900390625
1999-03-23,1297.010009765625
1999-03-24,1262.1400146484375
1999-03-25,1268.5899658203125
1999-03-26,1289.989990234375
1999-03-29,1282.800048828125
1999-03-30,1310.1700439453125
1999-03-31,1300.75
1999-04-01,1286.3699951171875
1999-04-05,1293.719970703125
1999-04-06,1321.1199951171875
1999-04-07,1317.8900146484375
1999-04-08,1326.8900146484375
1999-04-09,1343.97998046875
1999-04-12,1348.3499755859375
1999-04-13,1358.6400146484375
1999-04-14,1349.8199462890625
1999-04-15,1328.43994140625
1999-04-16,1322.8599853515625
1999-04-19,1319.0
1999-04-20,1289.47998046875
1999-04-21,1306.1700439453125
1999-04-22,1336.1199951171875
1999-04-23,1358.8299560546875
1999-04-26,1356.8499755859375
1999-04-27,1360.0400390625
1999-04-28,1362.800048828125
1999-04-29,1350.9100341796875
1999-04-30,1342.8299560546875
1999-05-03,1335.1800537109375
1999-05-04,1354.6300048828125
1999-05-05,1332.0
1999-05-06,1347.31005859375
1999-05-07,1332.050048828125
1999-05-10,1345.0
1999-05-11,1340.300048828125
1999-05-12,1355.6099853515625
1999-05-13,1364.0
1999-05-14,1367.56005859375
1999-05-17,1337.800048828125
1999-05-18,1339.489990234375
1999-05-19,1333.3199462890625
1999-05-20,1344.22998046875
1999-05-21,1338.8299560546875
1999-05-24,1330.2900390625
1999-05-25,1306.6500244140625
1999-05-26,1284.4000244140625
1999-05-27,1304.760009765625
1999-05-28,1281.4100341796875
1999-06-01,1301.8399658203125
1999-06-02,1294.260009765625
1999-06-03,1294.81005859375
1999-06-04,1299.5400390625
1999-06-07,1327.75
1999-06-08,1334.52001953125
1999-06-09,1317.3299560546875
1999-06-10,1318.6400146484375
1999-06-11,1302.8199462890625
1999-06-14,1293.6400146484375
1999-06-15,1294.0
1999-06-16,1301.1600341796875
1999-06-17,1330.4100341796875
1999-06-18,1339.9000244140625
1999-06-21,1342.8399658203125
1999-06-22,1349.0
1999-06-23,1335.8699951171875
1999-06-24,1333.06005859375
1999-06-25,1315.780029296875
1999-06-28,1315.31005859375
1999-06-29,1331.3499755859375
1999-06-30,1351.449951171875
1999-07-01,1372.7099609375
1999-07-02,1380.9599609375
1999-07-06,1391.219970703125
1999-07-07,1388.1199951171875
1999-07-08,1395.8599853515625
1999-07-09,1394.4200439453125
1999-07-12,1403.280029296875
1999-07-13,1399.0999755859375
1999-07-14,1393.56005859375
1999-07-15,1398.1700439453125
1999-07-16,1409.6199951171875
1999-07-19,1418.780029296875
1999-07-20,1407.6500244140625
1999-07-21,1377.0999755859375
1999-07-22,1379.2900390625
1999-07-23,1360.969970703125
1999-07-26,1356.93994140625
1999-07-27,1347.75
1999-07-28,1362.8399658203125
1999-07-29,1365.4000244140625
1999-07-30,1341.030029296875
1999-08-02,1328.719970703125
1999-08-03,1328.050048828125
1999-08-04,1322.1800537109375
1999-08-05,1305.3299560546875
1999-08-06,1313.7099609375
1999-08-09,1300.2900390625
1999-08-10,1297.800048828125
1999-08-11,1281.4300537109375
1999-08-12,1301.9300537109375
1999-08-13,1298.1600341796875
1999-08-16,1327.6800537109375
1999-08-17,1330.77001953125
1999-08-18,1344.1600341796875
1999-08-19,1332.8399658203125
1999-08-20,1323.5899658203125
1999-08-23,1336.6099853515625
1999-08-24,1360.219970703125
1999-08-25,1363.5
1999-08-26,1381.7900390625
1999-08-27,1362.010009765625
1999-08-30,1348.27001953125
1999-08-31,1324.02001953125
1999-09-01,1320.4100341796875
1999-09-02,1331.0699462890625
1999-09-03,1319.1099853515625
1999-09-07,1357.239990234375
1999-09-08,1350.449951171875
1999-09-09,1344.1500244140625
1999-09-10,1347.6600341796875
1999-09-13,1351.6600341796875
1999-09-14,1344.1300048828125
1999-09-15,1336.2900390625
1999-09-16,1317.969970703125
1999-09-17,1318.47998046875
1999-09-20,1335.4200439453125
1999-09-21,1335.52001953125
1999-09-22,1307.5799560546875
1999-09-23,1310.510009765625
1999-09-24,1280.4100341796875
1999-09-27,1277.3599853515625
1999-09-28,1283.31005859375
1999-09-29,1282.199951171875
1999-09-30,1268.3699951171875
1999-10-01,1282.7099609375
1999-10-04,1282.81005859375
1999-10-05,1304.5999755859375
1999-10-06,1301.3499755859375
1999-10-07,1325.4000244140625
1999-10-08,1317.6400146484375
1999-10-11,1336.02001953125
1999-10-12,1335.2099609375
1999-10-13,1313.0400390625
1999-10-14,1285.550048828125
1999-10-15,1283.4200439453125
1999-10-18,1247.4100341796875
1999-10-19,1254.1300048828125
1999-10-20,1261.3199462890625
1999-10-21,1289.4300537109375
1999-10-22,1283.6099853515625
1999-10-25,1301.6500244140625
1999-10-26,1293.6300048828125
1999-10-27,1281.9100341796875
1999-10-28,1296.7099609375
1999-10-29,1342.43994140625
1999-11-01,1362.9300537109375
1999-11-02,1354.1199951171875
1999-11-03,1347.739990234375
1999-11-04,1354.9300537109375
1999-11-05,1362.6400146484375
1999-11-08,1370.22998046875
1999-11-09,1377.010009765625
1999-11-10,1365.280029296875
1999-11-11,1373.4599609375
1999-11-12,1381.4599609375
1999-11-15,1396.06005859375
1999-11-16,1394.3900146484375
1999-11-17,1420.0699462890625
1999-11-18,1410.7099609375
1999-11-19,1424.93994140625
1999-11-22,1422.0
1999-11-23,1420.93994140625
1999-11-24,1404.6400146484375
1999-11-26,1417.0799560546875
1999-11-29,1416.6199951171875
1999-11-30,1407.8299560546875
1999-12-01,1388.9100341796875
1999-12-02,1397.719970703125
1999-12-03,1409.0400390625
1999-12-06,1433.300048828125
1999-12-07,1423.3299560546875
1999-12-08,1409.1700439453125
1999-12-09,1403.8800048828125
1999-12-10,1408.1099853515625
1999-12-13,1417.0400390625
1999-12-14,1415.219970703125
1999-12-15,1403.1700439453125
1999-12-16,1413.3199462890625
1999-12-17,1418.780029296875
1999-12-20,1421.030029296875
1999-12-21,1418.0899658203125
1999-12-22,1433.4300537109375
1999-12-23,1436.1300048828125
1999-12-27,1458.3399658203125
1999-12-28,1457.0899658203125
1999-12-29,1457.6600341796875
1999-12-30,1463.4599609375
1999-12-31,1464.469970703125
2000-01-03,1469.25
2000-01-04,1455.219970703125
2000-01-05,1399.4200439453125
2000-01-06,1402.1099853515625
2000-01-07,1403.449951171875
2000-01-10,1441.469970703125
2000-01-11,1457.5999755859375
2000-01-12,1438.56005859375
2000-01-13,1432.25
2000-01-14,1449.6800537109375
2000-01-18,1465.1500244140625
2000-01-19,1455.1400146484375
2000-01-20,1455.9000244140625
2000-01-21,1445.5699462890625
2000-01-24,1441.3599853515625
2000-01-25,1401.530029296875
2000-01-26,1410.030029296875
2000-01-27,1404.0899658203125
2000-01-28,1398.56005859375
2000-01-31,1360.1600341796875
2000-02-01,1394.4599609375
2000-02-02,1409.280029296875
2000-02-03,1409.1199951171875
2000-02-04,1424.969970703125
2000-02-07,1424.3699951171875
2000-02-08,1424.239990234375
2000-02-09,1441.719970703125
2000-02-10,1411.699951171875
2000-02-11,1416.8299560546875
2000-02-14,1387.1199951171875
2000-02-15,1389.93994140625
2000-02-16,1402.050048828125
2000-02-17,1387.6700439453125
2000-02-18,1388.260009765625
2000-02-22,1346.0899658203125
2000-02-23,1352.1700439453125
2000-02-24,1360.68994140625
2000-02-25,1353.4300537109375
2000-02-28,1333.3599853515625
2000-02-29,1348.050048828125
2000-03-01,1366.4200439453125
2000-03-02,1379.18994140625
2000-03-03,1381.760009765625
2000-03-06,1409.1700439453125
2000-03-07,1391.280029296875
2000-03-08,1355.6199951171875
2000-03-09,1366.699951171875
2000-03-10,1401.68994140625
2000-03-13,1395.0699462890625
2000-03-14,1383.6199951171875
2000-03-15,1359.1500244140625
2000-03-16,1392.1500244140625
2000-03-17,1458.469970703125
2000-03-20,1464.469970703125
2000-03-21,1456.6300048828125
2000-03-22,1493.8699951171875
2000-03-23,1500.6400146484375
2000-03-24,1527.3499755859375
2000-03-27,1527.4599609375
2000-03-28,1523.8599853515625
2000-03-29,1507.72998046875
2000-03-30,1508.52001953125
2000-03-31,1487.9200439453125
2000-04-03,1498.5799560546875
2000-04-04,1505.97998046875
2000-04-05,1494.72998046875
2000-04-06,1487.3699951171875
2000-04-07,1501.3399658203125
2000-04-10,1516.3499755859375
2000-04-11,1504.4599609375
2000-04-12,1500.5899658203125
2000-04-13,1467.1700439453125
2000-04-14,1440.510009765625
2000-04-17,1356.56005859375
2000-04-18,1401.43994140625
2000-04-19,1441.6099853515625
2000-04-20,1427.469970703125
2000-04-24,1434.5400390625
2000-04-25,1429.8599853515625
2000-04-26,1477.43994140625
2000-04-27,1460.989990234375
2000-04-28,1464.9200439453125
2000-05-01,1452.4300537109375
2000-05-02,1468.25
2000-05-03,1446.2900390625
2000-05-04,1415.0999755859375
2000-05-05,1409.5699462890625
2000-05-08,1432.6300048828125
2000-05-09,1424.1700439453125
2000-05-10,1412.1400146484375
2000-05-11,1383.050048828125
2000-05-12,1407.81005859375
2000-05-15,1420.9599609375
2000-05-16,1452.3599853515625
2000-05-17,1466.0400390625
2000-05-18,1447.800048828125
2000-05-19,1437.2099609375
2000-05-22,1406.949951171875
2000-05-23,1400.719970703125
2000-05-24,1373.8599853515625
2000-05-25,1399.050048828125
2000-05-26,1381.52001953125
2000-05-30,1378.02001953125
2000-05-31,1422.43994140625
2000-06-01,1420.5999755859375
2000-06-02,1448.81005859375
2000-06-05,1477.260009765625
2000-06-06,1467.6300048828125
2000-06-07,1457.8399658203125
2000-06-08,1471.3599853515625
2000-06-09,1461.6700439453125
2000-06-12,1456.949951171875
2000-06-13,1446.0
2000-06-14,1469.43994140625
2000-06-15,1470.5400390625
2000-06-16,1478.72998046875
2000-06-19,1464.4599609375
2000-06-20,1486.0
2000-06-21,1475.949951171875
2000-06-22,1479.1300048828125
2000-06-23,1452.1800537109375
2000-06-26,1441.47998046875
2000-06-27,1455.31005859375
2000-06-28,1450.550048828125
2000-06-29,1454.8199462890625
2000-06-30,1442.3900146484375
2000-07-03,1454.5999755859375
2000-07-05,1469.5400390625
2000-07-06,1446.22998046875
2000-07-07,1456.6700439453125
2000-07-10,1478.9000244140625
2000-07-11,1475.6199951171875
2000-07-12,1480.8800048828125
2000-07-13,1492.9200439453125
2000-07-14,1495.8399658203125
2000-07-17,1509.97998046875
2000-07-18,1510.489990234375
2000-07-19,1493.739990234375
2000-07-20,1481.9599609375
2000-07-21,1495.5699462890625
2000-07-24,1480.18994140625
2000-07-25,1464.2900390625
2000-07-26,1474.469970703125
2000-07-27,1452.4200439453125
2000-07-28,1449.6199951171875
2000-07-31,1419.8900146484375
2000-08-01,1430.8299560546875
2000-08-02,1438.0999755859375
2000-08-03,1438.699951171875
2000-08-04,1452.56005859375
2000-08-07,1462.9300537109375
2000-08-08,1479.3199462890625
2000-08-09,1482.800048828125
2000-08-10,1472.8699951171875
2000-08-11,1460.25
2000-08-14,1471.8399658203125
2000-08-15,1491.56005859375
2000-08-16,1484.4300537109375
2000-08-17,1479.8499755859375
2000-08-18,1496.0699462890625
2000-08-21,1491.719970703125
2000-08-22,1499.47998046875
2000-08-23,1498.1300048828125
2000-08-24,1505.969970703125
2000-08-25,1508.31005859375
2000-08-28,1506.449951171875
2000-08-29,1514.0899658203125
2000-08-30,1509.8399658203125
2000-08-31,1502.5899658203125
2000-09-01,1517.6800537109375
2000-09-05,1520.77001953125
2000-09-06,1507.0799560546875
2000-09-07,1492.25
2000-09-08,1502.510009765625
2000-09-11,1494.5
2000-09-12,1489.260009765625
2000-09-13,1481.989990234375
2000-09-14,1484.9100341796875
2000-09-15,1480.8699951171875
2000-09-18,1465.81005859375
2000-09-19,1444.510009765625
2000-09-20,1459.9000244140625
2000-09-21,1451.3399658203125
2000-09-22,1449.050048828125
2000-09-25,1448.719970703125
2000-09-26,1439.030029296875
2000-09-27,1427.2099609375
2000-09-28,1426.5699462890625
2000-09-29,1458.2900390625
2000-10-02,1436.52001953125
2000-10-03,1436.22998046875
2000-10-04,1426.4599609375
2000-10-05,1434.3199462890625
2000-10-06,1436.280029296875
2000-10-09,1408.989990234375
2000-10-10,1402.030029296875
2000-10-11,1387.02001953125
2000-10-12,1364.5899658203125
2000-10-13,1329.780029296875
2000-10-16,1374.1700439453125
2000-10-17,1374.6199951171875
2000-10-18,1349.969970703125
2000-10-19,1342.1300048828125
2000-10-20,1388.760009765625
2000-10-23,1396.9300537109375
2000-10-24,1395.780029296875
2000-10-25,1398.1300048828125
2000-10-26,1364.9000244140625
2000-10-27,1364.43994140625
2000-10-30,1379.5799560546875
2000-10-31,1398.6600341796875
2000-11-01,1429.4000244140625
2000-11-02,1421.219970703125
2000-11-03,1428.3199462890625
2000-11-06,1428.760009765625
2000-11-07,1432.18994140625
2000-11-08,1431.8699951171875
2000-11-09,1409.280029296875
2000-11-10,1400.1400146484375
2000-11-13,1365.97998046875
2000-11-14,1351.260009765625
2000-11-15,1382.949951171875
2000-11-16,1389.81005859375
2000-11-17,1372.3199462890625
2000-11-20,1367.719970703125
2000-11-21,1342.6199951171875
2000-11-22,1347.3499755859375
2000-11-24,1322.3599853515625
2000-11-27,1341.77001953125
2000-11-28,1348.969970703125
2000-11-29,1336.0899658203125
2000-11-30,1341.9100341796875
2000-12-01,1314.949951171875
2000-12-04,1315.1800537109375
2000-12-05,1324.969970703125
2000-12-06,1376.5400390625
2000-12-07,1351.4599609375
2000-12-08,1343.550048828125
2000-12-11,1369.8900146484375
2000-12-12,1380.199951171875
2000-12-13,1371.1800537109375
2000-12-14,1359.989990234375
2000-12-15,1340.9300537109375
2000-12-18,1312.1500244140625
2000-12-19,1322.9599609375
2000-12-20,1305.5999755859375
2000-12-21,1264.739990234375
2000-12-22,1274.8599853515625
2000-12-26,1305.969970703125
2000-12-27,1315.18994140625
2000-12-28,1328.9200439453125
2000-12-29,1334.219970703125
2001-01-02,1320.280029296875
2001-01-03,1283.27001953125
2001-01-04,1347.56005859375
2001-01-05,1333.3399658203125
2001-01-08,1298.3499755859375
2001-01-09,1295.8599853515625
2001-01-10,1300.800048828125
2001-01-11,1313.27001953125
2001-01-12,1326.8199462890625
2001-01-16,1318.3199462890625
2001-01-17,1326.6500244140625
2001-01-18,1329.8900146484375
2001-01-19,1347.969970703125
2001-01-22,1342.5400390625
2001-01-23,1342.9000244140625
2001-01-24,1360.4000244140625
2001-01-25,1364.300048828125
2001-01-26,1357.510009765625
2001-01-29,1354.9200439453125
2001-01-30,1364.1700439453125
2001-01-31,1373.72998046875
2001-02-01,1366.010009765625
2001-02-02,1373.469970703125
2001-02-05,1349.469970703125
2001-02-06,1354.31005859375
2001-02-07,1352.260009765625
2001-02-08,1341.0999755859375
2001-02-09,1332.530029296875
2001-02-12,1314.760009765625
2001-02-13,1330.31005859375
2001-02-14,1318.800048828125
2001-02-15,1315.9200439453125
2001-02-16,1326.6099853515625
2001-02-20,1301.530029296875
2001-02-21,1278.93994140625
2001-02-22,1255.27001953125
2001-02-23,1252.8199462890625
2001-02-26,1245.8599853515625
2001-02-27,1267.6500244140625
2001-02-28,1257.93994140625
2001-03-01,1239.93994140625
2001-03-02,1241.22998046875
2001-03-05,1234.1800537109375
2001-03-06,1241.4100341796875
2001-03-07,1253.800048828125
2001-03-08,1261.8900146484375
2001-03-09,1264.739990234375
2001-03-12,1233.4200439453125
2001-03-13,1180.1600341796875
2001-03-14,1197.6600341796875
2001-03-15,1166.7099609375
2001-03-16,1173.56005859375
2001-03-19,1150.530029296875
2001-03-20,1170.81005859375
2001-03-21,1142.6199951171875
2001-03-22,1122.1400146484375
2001-03-23,1117.5799560546875
2001-03-26,1139.8299560546875
2001-03-27,1152.68994140625
2001-03-28,1182.1700439453125
2001-03-29,1153.2900390625
2001-03-30,1147.949951171875
2001-04-02,1160.3299560546875
2001-04-03,1145.8699951171875
2001-04-04,1106.4599609375
2001-04-05,1103.25
2001-04-06,1151.43994140625
2001-04-09,1128.4300537109375
2001-04-10,1137.5899658203125
2001-04-11,1168.3800048828125
2001-04-12,1165.8900146484375
2001-04-16,1183.5
2001-04-17,1179.6800537109375
2001-04-18,1191.81005859375
2001-04-19,1238.1600341796875
2001-04-20,1253.699951171875
2001-04-23,1242.97998046875
2001-04-24,1224.3599853515625
2001-04-25,1209.469970703125
2001-04-26,1228.75
2001-04-27,1234.52001953125
2001-04-30,1253.050048828125
2001-05-01,1249.4599609375
2001-05-02,1266.43994140625
2001-05-03,1267.4300537109375
2001-05-04,1248.5799560546875
2001-05-07,1266.6099853515625
2001-05-08,1266.7099609375
2001-05-09,1261.199951171875
2001-05-10,1255.5400390625
2001-05-11,1255.1800537109375
2001-05-14,1245.6700439453125
2001-05-15,1248.9200439453125
2001-05-16,1249.43994140625
2001-05-17,1284.989990234375
2001-05-18,1288.489990234375
2001-05-21,1291.9599609375
2001-05-22,1312.8299560546875
2001-05-23,1309.3800048828125
2001-05-24,1289.050048828125
2001-05-25,1293.1700439453125
2001-05-29,1277.8900146484375
2001-05-30,1267.9300537109375
2001-05-31,1248.0799560546875
2001-06-01,1255.8199462890625
2001-06-04,1260.6700439453125
2001-06-05,1267.1099853515625
2001-06-06,1283.5699462890625
2001-06-07,1270.030029296875
2001-06-08,1276.9599609375
2001-06-11,1264.9599609375
2001-06-12,1254.3900146484375
2001-06-13,1255.8499755859375
2001-06-14,1241.5999755859375
2001-06-15,1219.8699951171875
2001-06-18,1214.3599853515625
2001-06-19,1208.4300537109375
2001-06-20,1212.5799560546875
2001-06-21,1223.1400146484375
2001-06-22,1237.0400390625
2001-06-25,1225.3499755859375
2001-06-26,1218.5999755859375
2001-06-27,1216.760009765625
2001-06-28,1211.0699462890625
2001-06-29,1226.199951171875
2001-07-02,1224.4200439453125
2001-07-03,1236.7099609375
2001-07-05,1234.449951171875
2001-07-06,1219.239990234375
2001-07-09,1190.5899658203125
2001-07-10,1198.780029296875
2001-07-11,1181.52001953125
2001-07-12,1180.1800537109375
2001-07-13,1208.1400146484375
2001-07-16,1215.6800537109375
2001-07-17,1202.449951171875
2001-07-18,1214.43994140625
2001-07-19,1207.7099609375
2001-07-20,1215.02001953125
2001-07-23,1210.8499755859375
2001-07-24,1191.030029296875
2001-07-25,1171.6500244140625
2001-07-26,1190.489990234375
2001-07-27,1202.9300537109375
2001-07-30,1205.8199462890625
2001-07-31,1204.52001953125
2001-08-01,1211.22998046875
2001-08-02,1215.9300537109375
2001-08-03,1220.75
2001-08-06,1214.3499755859375
2001-08-07,1200.469970703125
2001-08-08,1204.4000244140625
2001-08-09,1183.530029296875
2001-08-10,1183.4300537109375
2001-08-13,1190.1600341796875
2001-08-14,1191.2900390625
2001-08-15,1186.72998046875
2001-08-16,1178.02001953125
2001-08-17,1181.6600341796875
2001-08-20,1161.969970703125
2001-08-21,1171.4100341796875
2001-08-22,1157.260009765625
2001-08-23,1165.31005859375
2001-08-24,1162.0899658203125
2001-08-27,1184.9300537109375
2001-08-28,1179.2099609375
2001-08-29,1161.510009765625
2001-08-30,1148.5999755859375
2001-08-31,1129.030029296875
2001-09-04,1133.5799560546875
2001-09-05,1132.93994140625
2001-09-06,1131.739990234375
2001-09-07,1106.4000244140625
2001-09-10,1085.780029296875
2001-09-17,1092.5400390625
2001-09-18,1038.77001953125
2001-09-19,1032.739990234375
2001-09-20,1016.0999755859375
2001-09-21,984.5399780273438
2001-09-24,965.7999877929688
2001-09-25,1003.4500122070312
2001-09-26,1012.27001953125
2001-09-27,1007.0399780273438
2001-09-28,1018.6099853515625
2001-10-01,1040.93994140625
2001-10-02,1038.550048828125
2001-10-03,1051.3299560546875
2001-10-04,1072.280029296875
2001-10-05,1069.6199951171875
2001-10-08,1071.3699951171875
2001-10-09,1062.43994140625
2001-10-10,1056.75
2001-10-11,1080.989990234375
2001-10-12,1097.4300537109375
2001-10-15,1091.6500244140625
2001-10-16,1089.97998046875
2001-10-17,1097.5400390625
2001-10-18,1077.0899658203125
2001-10-19,1068.6099853515625
2001-10-22,1073.47998046875
2001-10-23,1089.9000244140625
2001-10-24,1084.780029296875
2001-10-25,1085.199951171875
2001-10-26,1100.0899658203125
2001-10-29,1104.6099853515625
2001-10-30,1078.300048828125
2001-10-31,1059.7900390625
2001-11-01,1059.780029296875
2001-11-02,1084.0999755859375
2001-11-05,1087.199951171875
2001-11-06,1102.8399658203125
2001-11-07,1118.8599853515625
2001-11-08,1115.800048828125
2001-11-09,1118.5400390625
2001-11-12,1120.31005859375
2001-11-13,1118.3299560546875
2001-11-14,1139.0899658203125
2001-11-15,1141.2099609375
2001-11-16,1142.239990234375
2001-11-19,1138.6500244140625
2001-11-20,1151.06005859375
2001-11-21,1142.6600341796875
2001-11-23,1137.030029296875
2001-11-26,1150.3399658203125
2001-11-27,1157.4200439453125
2001-11-28,1149.5
2001-11-29,1128.52001953125
2001-11-30,1140.199951171875
2001-12-03,1139.449951171875
2001-12-04,1129.9000244140625
2001-12-05,1143.77001953125
2001-12-06,1170.3499755859375
2001-12-07,1167.0999755859375
2001-12-10,1158.31005859375
2001-12-11,1139.9300537109375
2001-12-12,1136.760009765625
2001-12-13,1137.0699462890625
2001-12-14,1119.3800048828125
2001-12-17,1123.0899658203125
2001-12-18,1134.3599853515625
2001-12-19,1142.9200439453125
2001-12-20,1149.56005859375
2001-12-21,1139.9300537109375
2001-12-24,1144.8900146484375
2001-12-26,1144.6500244140625
2001-12-27,1149.3699951171875
2001-12-28,1157.1300048828125
2001-12-31,1161.02001953125
2002-01-02,1148.0799560546875
2002-01-03,1154.6700439453125
2002-01-04,1165.27001953125
2002-01-07,1172.510009765625
2002-01-08,1164.8900146484375
2002-01-09,1160.7099609375
2002-01-10,1155.1400146484375
2002-01-11,1156.550048828125
2002-01-14,1145.5999755859375
2002-01-15,1138.4100341796875
2002-01-16,1146.18994140625
2002-01-17,1127.5699462890625
2002-01-18,1138.8800048828125
2002-01-22,1127.5799560546875
2002-01-23,1119.31005859375
2002-01-24,1128.1800537109375
2002-01-25,1132.1500244140625
2002-01-28,1133.280029296875
2002-01-29,1133.06005859375
2002-01-30,1100.6400146484375
2002-01-31,1113.5699462890625
2002-02-01,1130.199951171875
2002-02-04,1122.199951171875
2002-02-05,1094.43994140625
2002-02-06,1090.02001953125
2002-02-07,1083.510009765625
2002-02-08,1080.1700439453125
2002-02-11,1096.219970703125
2002-02-12,1111.93994140625
2002-02-13,1107.5
2002-02-14,1118.510009765625
2002-02-15,1116.47998046875
2002-02-19,1104.1800537109375
2002-02-20,1083.3399658203125
2002-02-21,1097.97998046875
2002-02-22,1080.949951171875
2002-02-25,1089.8399658203125
2002-02-26,1109.4300537109375
2002-02-27,1109.3800048828125
2002-02-28,1109.8900146484375
2002-03-01,1106.72998046875
2002-03-04,1131.780029296875
2002-03-05,1153.8399658203125
2002-03-06,1146.1400146484375
2002-03-07,1162.77001953125
2002-03-08,1157.5400390625
2002-03-11,1164.31005859375
2002-03-12,1168.260009765625
2002-03-13,1165.5799560546875
2002-03-14,1154.0899658203125
2002-03-15,1153.0400390625
2002-03-18,1166.1600341796875
2002-03-19,1165.550048828125
2002-03-20,1170.2900390625
2002-03-21,1151.8499755859375
2002-03-22,1153.5899658203125
2002-03-25,1148.699951171875
2002-03-26,1131.8699951171875
2002-03-27,1138.489990234375
2002-03-28,1144.5799560546875
2002-04-01,1147.3900146484375
2002-04-02,1146.5400390625
2002-04-03,1136.760009765625
2002-04-04,1125.4000244140625
2002-04-05,1126.3399658203125
2002-04-08,1122.72998046875
2002-04-09,1125.2900390625
2002-04-10,1117.800048828125
2002-04-11,1130.469970703125
2002-04-12,1103.68994140625
2002-04-15,1111.010009765625
2002-04-16,1102.550048828125
2002-04-17,1128.3699951171875
2002-04-18,1126.0699462890625
2002-04-19,1124.469970703125
2002-04-22,1125.1700439453125
2002-04-23,1107.8299560546875
2002-04-24,1100.9599609375
2002-04-25,1093.1400146484375
2002-04-26,1091.47998046875
2002-04-29,1076.3199462890625
2002-04-30,1065.449951171875
2002-05-01,1076.9200439453125
2002-05-02,1086.4599609375
2002-05-03,1084.56005859375
2002-05-06,1073.4300537109375
2002-05-07,1052.6700439453125
2002-05-08,1049.489990234375
2002-05-09,1088.8499755859375
2002-05-10,1073.010009765625
2002-05-13,1054.989990234375
2002-05-14,1074.56005859375
2002-05-15,1097.280029296875
2002-05-16,1091.0699462890625
2002-05-17,1098.22998046875
2002-05-20,1106.5899658203125
2002-05-21,1091.8800048828125
2002-05-22,1079.8800048828125
2002-05-23,1086.02001953125
2002-05-24,1097.0799560546875
2002-05-28,1083.8199462890625
2002-05-29,1074.550048828125
2002-05-30,1067.6600341796875
2002-05-31,1064.6600341796875
2002-06-03,1067.1400146484375
2002-06-04,1040.6800537109375
2002-06-05,1040.68994140625
2002-06-06,1049.9000244140625
2002-06-07,1029.1500244140625
2002-06-10,1027.530029296875
2002-06-11,1030.739990234375
2002-06-12,1013.260009765625
2002-06-13,1020.260009765625
2002-06-14,1009.5599975585938
2002-06-17,1007.27001953125
2002-06-18,1036.1700439453125
2002-06-19,1037.1400146484375
2002-06-20,1019.989990234375
2002-06-21,1006.2899780273438
2002-06-24,989.1400146484375
2002-06-25,992.719970703125
2002-06-26,976.1400146484375
2002-06-27,973.530029296875
2002-06-28,990.6400146484375
2002-07-01,989.8200073242188
2002-07-02,968.6500244140625
2002-07-03,948.0900268554688
2002-07-05,953.989990234375
2002-07-08,989.030029296875
2002-07-09,976.97998046875
2002-07-10,952.8300170898438
2002-07-11,920.469970703125
2002-07-12,927.3699951171875
2002-07-15,921.3900146484375
2002-07-16,917.9299926757812
2002-07-17,901.0499877929688
2002-07-18,905.4500122070312
2002-07-19,881.5599975585938
2002-07-22,847.760009765625
2002-07-23,819.8499755859375
2002-07-24,797.7100219726562
2002-07-25,843.4199829101562
2002-07-26,838.6799926757812
2002-07-29,852.8400268554688
2002-07-30,898.9600219726562
2002-07-31,902.780029296875
2002-08-01,911.6199951171875
2002-08-02,884.4000244140625
2002-08-05,864.239990234375
2002-08-06,834.5999755859375
2002-08-07,859.5700073242188
2002-08-08,876.77001953125
2002-08-09,898.72998046875
2002-08-12,908.6400146484375
2002-08-13,903.7999877929688
2002-08-14,884.2100219726562
2002-08-15,919.6199951171875
2002-08-16,930.25
2002-08-19,928.77001953125
2002-08-20,950.7000122070312
2002-08-21,937.4299926757812
2002-08-22,949.3599853515625
2002-08-23,962.7000122070312
2002-08-26,940.8599853515625
2002-08-27,947.9500122070312
2002-08-28,934.8200073242188
2002-08-29,917.8699951171875
2002-08-30,917.7999877929688
2002-09-03,916.0700073242188
2002-09-04,878.02001953125
2002-09-05,893.4000244140625
2002-09-06,879.1500244140625
2002-09-09,893.9199829101562
2002-09-10,902.9600219726562
2002-09-11,910.6300048828125
2002-09-12,909.4500122070312
2002-09-13,886.9099731445312
2002-09-16,889.8099975585938
2002-09-17,891.0999755859375
2002-09-18,873.52001953125
2002-09-19,869.4600219726562
2002-09-20,843.3200073242188
2002-09-23,845.3900146484375
2002-09-24,833.7000122070312
2002-09-25,819.27001953125
2002-09-26,839.6599731445312
2002-09-27,854.9500122070312
2002-09-30,827.3699951171875
2002-10-01,815.280029296875
2002-10-02,843.77001953125
2002-10-03,827.9099731445312
2002-10-04,818.9500122070312
2002-10-07,800.5800170898438
2002-10-08,785.280029296875
2002-10-09,798.5499877929688
2002-10-10,776.760009765625
2002-10-11,803.9199829101562
2002-10-14,835.3200073242188
2002-10-15,841.4400024414062
2002-10-16,881.27001953125
2002-10-17,860.02001953125
2002-10-18,879.2000122070312
2002-10-21,884.3900146484375
2002-10-22,899.719970703125
2002-10-23,890.1599731445312
2002-10-24,896.1400146484375
2002-10-25,882.5
2002-10-28,897.6500244140625
2002-10-29,890.22998046875
2002-10-30,882.1500244140625
2002-10-31,890.7100219726562
2002-11-01,885.760009765625
2002-11-04,900.9600219726562
2002-11-05,908.3499755859375
2002-11-06,915.3900146484375
2002-11-07,923.760009765625
2002-11-08,902.6500244140625
2002-11-11,894.739990234375
2002-11-12,876.1900024414062
2002-11-13,882.9500122070312
2002-11-14,882.530029296875
2002-11-15,904.27001953125
2002-11-18,909.8300170898438
2002-11-19,900.3599853515625
2002-11-20,896.739990234375
2002-11-21,914.1500244140625
2002-11-22,933.760009765625
2002-11-25,930.5499877929688
2002-11-26,932.8699951171875
2002-11-27,913.3099975585938
2002-11-29,938.8699951171875
2002-12-02,936.3099975585938
2002-12-03,934.530029296875
2002-12-04,920.75
2002-12-05,917.5800170898438
2002-12-06,906.5499877929688
2002-12-09,912.22998046875
2002-12-10,892.0
2002-12-11,904.4500122070312
2002-12-12,904.9600219726562
2002-12-13,901.5800170898438
2002-12-16,889.47998046875
2002-12-17,910.4000244140625
2002-12-18,902.989990234375
2002-12-19,890.02001953125
2002-12-20,884.25
2002-12-23,895.739990234375
2002-12-24,897.3800048828125
2002-12-26,892.469970703125
2002-12-27,889.6599731445312
2002-12-30,875.4000244140625
2002-12-31,879.3900146484375
2003-01-02,879.8200073242188
2003-01-03,909.030029296875
2003-01-06,908.5900268554688
2003-01-07,929.010009765625
2003-01-08,922.9299926757812
2003-01-09,909.9299926757812
2003-01-10,927.5800170898438
2003-01-13,927.5700073242188
2003-01-14,926.260009765625
2003-01-15,931.6599731445312
2003-01-16,918.219970703125
2003-01-17,914.5999755859375
2003-01-21,901.780029296875
2003-01-22,887.6199951171875
2003-01-23,878.3599853515625
2003-01-24,887.3400268554688
2003-01-27,861.4000244140625
2003-01-28,847.47998046875
2003-01-29,858.5399780273438
2003-01-30,864.3599853515625
2003-01-31,844.6099853515625
2003-02-03,855.7000122070312
2003-02-04,860.3200073242188
2003-02-05,848.2000122070312
2003-02-06,843.5900268554688
2003-02-07,838.1500244140625
2003-02-10,829.6900024414062
2003-02-11,835.969970703125
2003-02-12,829.2000122070312
2003-02-13,818.6799926757812
2003-02-14,817.3699951171875
2003-02-18,834.8900146484375
2003-02-19,851.1699829101562
2003-02-20,845.1300048828125
2003-02-21,837.0999755859375
2003-02-24,848.1699829101562
2003-02-25,832.5800170898438
2003-02-26,838.5700073242188
2003-02-27,827.5499877929688
2003-02-28,837.280029296875
2003-03-03,841.1500244140625
2003-03-04,834.8099975585938
2003-03-05,821.989990234375
2003-03-06,829.8499755859375
2003-03-07,822.0999755859375
2003-03-10,828.8900146484375
2003-03-11,807.47998046875
2003-03-12,800.72998046875
2003-03-13,804.1900024414062
2003-03-14,831.8900146484375
2003-03-17,833.27001953125
2003-03-18,862.7899780273438
2003-03-19,866.4500122070312
2003-03-20,874.02001953125
2003-03-21,875.8400268554688
2003-03-24,895.7899780273438
2003-03-25,864.22998046875
2003-03-26,874.739990234375
2003-03-27,869.9500122070312
2003-03-28,868.52001953125
2003-03-31,863.5
2003-04-01,848.1799926757812
2003-04-02,858.47998046875
2003-04-03,880.9000244140625
2003-04-04,876.4500122070312
2003-04-07,878.8499755859375
2003-04-08,879.9299926757812
2003-04-09,878.2899780273438
2003-04-10,865.989990234375
2003-04-11,871.5800170898438
2003-04-14,868.2999877929688
2003-04-15,885.22998046875
2003-04-16,890.8099975585938
2003-04-17,879.9099731445312
2003-04-21,893.5800170898438
2003-04-22,892.010009765625
2003-04-23,911.3699951171875
2003-04-24,919.02001953125
2003-04-25,911.4299926757812
2003-04-28,898.8099975585938
2003-04-29,914.8400268554688
2003-04-30,917.8400268554688
2003-05-01,916.9199829101562
2003-05-02,916.2999877929688
2003-05-05,930.0800170898438
2003-05-06,926.5499877929688
2003-05-07,934.3900146484375
2003-05-08,929.6199951171875
2003-05-09,920.27001953125
2003-05-12,933.4099731445312
2003-05-13,945.1099853515625
2003-05-14,942.2999877929688
2003-05-15,939.280029296875
2003-05-16,946.6699829101562
2003-05-19,944.2999877929688
2003-05-20,920.77001953125
2003-05-21,919.72998046875
2003-05-22,923.4199829101562
2003-05-23,931.8699951171875
2003-05-27,933.219970703125
2003-05-28,951.47998046875
2003-05-29,953.219970703125
2003-05-30,949.6400146484375
2003-06-02,963.5900268554688
2003-06-03,967.0
2003-06-04,971.5599975585938
2003-06-05,986.239990234375
2003-06-06,990.1400146484375
2003-06-09,987.760009765625
2003-06-10,975.9299926757812
2003-06-11,984.8400268554688
2003-06-12,997.47998046875
2003-06-13,998.510009765625
2003-06-16,988.6099853515625
2003-06-17,1010.739990234375
2003-06-18,1011.6599731445312
2003-06-19,1010.0900268554688
2003-06-20,994.7000122070312
2003-06-23,995.6900024414062
2003-06-24,981.6400146484375
2003-06-25,983.4500122070312
2003-06-26,975.3200073242188
2003-06-27,985.8200073242188
2003-06-30,976.219970703125
2003-07-01,974.5
2003-07-02,982.3200073242188
2003-07-03,993.75
2003-07-07,985.7000122070312
2003-07-08,1004.4199829101562
2003-07-09,1007.8400268554688
2003-07-10,1002.2100219726562
2003-07-11,988.7000122070312
2003-07-14,998.1400146484375
2003-07-15,1003.8599853515625
2003-07-16,1000.4199829101562
2003-07-17,994.0
2003-07-18,981.72998046875
2003-07-21,993.3200073242188
2003-07-22,978.7999877929688
2003-07-23,988.1099853515625
2003-07-24,988.6099853515625
2003-07-25,981.5999755859375
2003-07-28,998.6799926757812
2003-07-29,996.52001953125
2003-07-30,989.280029296875
2003-07-31,987.489990234375
2003-08-01,990.3099975585938
2003-08-04,980.1500244140625
2003-08-05,982.8200073242188
2003-08-06,965.4600219726562
2003-08-07,967.0800170898438
2003-08-08,974.1199951171875
2003-08-11,977.5900268554688
2003-08-12,980.5900268554688
2003-08-13,990.3499755859375
2003-08-14,984.030029296875
2003-08-15,990.510009765625
2003-08-18,990.6699829101562
2003-08-19,999.739990234375
2003-08-20,1002.3499755859375
2003-08-21,1000.2999877929688
2003-08-22,1003.27001953125
2003-08-25,993.0599975585938
2003-08-26,993.7100219726562
2003-08-27,996.72998046875
2003-08-28,996.7899780273438
2003-08-29,1002.8400268554688
2003-09-02,1008.010009765625
2003-09-03,1021.989990234375
2003-09-04,1026.27001953125
2003-09-05,1027.969970703125
2003-09-08,1021.3900146484375
2003-09-09,1031.6400146484375
2003-09-10,1023.1699829101562
2003-09-11,1010.9199829101562
2003-09-12,1016.4199829101562
2003-09-15,1018.6300048828125
2003-09-16,1014.8099975585938
2003-09-17,1029.3199462890625
2003-09-18,1025.969970703125
2003-09-19,1039.5799560546875
2003-09-22,1036.300048828125
2003-09-23,1022.8200073242188
2003-09-24,1029.030029296875
2003-09-25,1009.3800048828125
2003-09-26,1003.27001953125
2003-09-29,996.8499755859375
2003-09-30,1006.5800170898438
2003-10-01,995.969970703125
2003-10-02,1018.219970703125
2003-10-03,1020.239990234375
2003-10-06,1029.8499755859375
2003-10-07,1034.3499755859375
2003-10-08,1039.25
2003-10-09,1033.780029296875
2003-10-10,1038.72998046875
2003-10-13,1038.06005859375
2003-10-14,1045.3499755859375
2003-10-15,1049.47998046875
2003-10-16,1046.760009765625
2003-10-17,1050.0699462890625
2003-10-20,1039.3199462890625
2003-10-21,1044.6800537109375
2003-10-22,1046.030029296875
2003-10-23,1030.3599853515625
2003-10-24,1033.77001953125
2003-10-27,1028.9100341796875
2003-10-28,1031.1300048828125
2003-10-29,1046.7900390625
2003-10-30,1048.1099853515625
2003-10-31,1046.93994140625
2003-11-03,1050.7099609375
2003-11-04,1059.02001953125
2003-11-05,1053.25
2003-11-06,1051.81005859375
2003-11-07,1058.050048828125
2003-11-10,1053.2099609375
2003-11-11,1047.1099853515625
2003-11-12,1046.5699462890625
2003-11-13,1058.56005859375
2003-11-14,1058.4100341796875
2003-11-17,1050.3499755859375
2003-11-18,1043.6300048828125
2003-11-19,1034.1500244140625
2003-11-20,1042.43994140625
2003-11-21,1033.6500244140625
2003-11-24,1035.280029296875
2003-11-25,1052.0799560546875
2003-11-26,1053.8900146484375
2003-11-28,1058.449951171875
2003-12-01,1058.199951171875
2003-12-02,1070.1199951171875
2003-12-03,1066.6199951171875
2003-12-04,1064.72998046875
2003-12-05,1069.719970703125
2003-12-08,1061.5
2003-12-09,1069.300048828125
2003-12-10,1060.1800537109375
2003-12-11,1059.050048828125
2003-12-12,1071.2099609375
2003-12-15,1074.1400146484375
2003-12-16,1068.0400390625
2003-12-17,1075.1300048828125
2003-12-18,1076.47998046875
2003-12-19,1089.1800537109375
2003-12-22,1088.6600341796875
2003-12-23,1092.93994140625
2003-12-24,1096.02001953125
2003-12-26,1094.0400390625
2003-12-29,1095.8900146484375
2003-12-30,1109.47998046875
2003-12-31,1109.6400146484375
2004-01-02,1111.9200439453125
2004-01-05,1108.47998046875
2004-01-06,1122.219970703125
2004-01-07,1123.6700439453125
2004-01-08,1126.3299560546875
2004-01-09,1131.9200439453125
2004-01-12,1121.8599853515625
2004-01-13,1127.22998046875
2004-01-14,1121.219970703125
2004-01-15,1130.52001953125
2004-01-16,1132.050048828125
2004-01-20,1139.8299560546875
2004-01-21,1138.77001953125
2004-01-22,1147.6199951171875
2004-01-23,1143.93994140625
2004-01-26,1141.550048828125
2004-01-27,1155.3699951171875
2004-01-28,1144.050048828125
2004-01-29,1128.47998046875
2004-01-30,1134.1099853515625
2004-02-02,1131.1300048828125
2004-02-03,1135.260009765625
2004-02-04,1136.030029296875
2004-02-05,1126.52001953125
2004-02-06,1128.5899658203125
2004-02-09,1142.760009765625
2004-02-10,1139.81005859375
2004-02-11,1145.5400390625
2004-02-12,1157.760009765625
2004-02-13,1152.1099853515625
2004-02-17,1145.81005859375
2004-02-18,1156.989990234375
2004-02-19,1151.8199462890625
2004-02-20,1147.06005859375
2004-02-23,1144.1099853515625
2004-02-24,1140.989990234375
2004-02-25,1139.0899658203125
2004-02-26,1143.6700439453125
2004-02-27,1145.800048828125
2004-03-01,1144.93994140625
2004-03-02,1155.969970703125
2004-03-03,1149.0999755859375
2004-03-04,1151.030029296875
2004-03-05,1154.8699951171875
2004-03-08,1156.8599853515625
2004-03-09,1147.199951171875
2004-03-10,1140.5799560546875
2004-03-11,1123.8900146484375
2004-03-12,1106.780029296875
2004-03-15,1120.5699462890625
2004-03-16,1104.489990234375
2004-03-17,1110.699951171875
2004-03-18,1123.75
2004-03-19,1122.3199462890625
2004-03-22,1109.780029296875
2004-03-23,1095.4000244140625
2004-03-24,1093.949951171875
2004-03-25,1091.3299560546875
2004-03-26,1109.18994140625
2004-03-29,1108.06005859375
2004-03-30,1122.469970703125
2004-03-31,1127.0
2004-04-01,1126.2099609375
2004-04-02,1132.1700439453125
2004-04-05,1141.81005859375
2004-04-06,1150.5699462890625
2004-04-07,1148.1600341796875
2004-04-08,1140.530029296875
2004-04-12,1139.3199462890625
2004-04-13,1145.199951171875
2004-04-14,1129.43994140625
2004-04-15,1128.1700439453125
2004-04-16,1128.8399658203125
2004-04-19,1134.56005859375
2004-04-20,1135.8199462890625
2004-04-21,1118.1500244140625
2004-04-22,1124.0899658203125
2004-04-23,1139.9300537109375
2004-04-26,1140.5999755859375
2004-04-27,1135.530029296875
2004-04-28,1138.1099853515625
2004-04-29,1122.4100341796875
2004-04-30,1113.8900146484375
2004-05-03,1107.300048828125
2004-05-04,1117.489990234375
2004-05-05,1119.550048828125
2004-05-06,1121.530029296875
2004-05-07,1113.989990234375
2004-05-10,1098.699951171875
2004-05-11,1087.1199951171875
2004-05-12,1095.449951171875
2004-05-13,1097.280029296875
2004-05-14,1096.43994140625
2004-05-17,1095.699951171875
2004-05-18,1084.0999755859375
2004-05-19,1091.489990234375
2004-05-20,1088.6800537109375
2004-05-21,1089.18994140625
2004-05-24,1093.56005859375
2004-05-25,1095.4100341796875
2004-05-26,1113.050048828125
2004-05-27,1114.93994140625
2004-05-28,1121.280029296875
2004-06-01,1120.6800537109375
2004-06-02,1121.199951171875
2004-06-03,1124.989990234375
2004-06-04,1116.6400146484375
2004-06-07,1122.5
2004-06-08,1140.4200439453125
2004-06-09,1142.1800537109375
2004-06-10,1131.3299560546875
2004-06-14,1136.469970703125
2004-06-15,1125.2900390625
2004-06-16,1132.010009765625
2004-06-17,1133.56005859375
2004-06-18,1132.050048828125
2004-06-21,1135.02001953125
2004-06-22,1130.300048828125
2004-06-23,1134.4100341796875
2004-06-24,1144.06005859375
2004-06-25,1140.6500244140625
2004-06-28,1134.4300537109375
2004-06-29,1133.3499755859375
2004-06-30,1136.199951171875
2004-07-01,1140.8399658203125
2004-07-02,1128.93994140625
2004-07-06,1125.3800048828125
2004-07-07,1116.2099609375
2004-07-08,1118.3299560546875
2004-07-09,1109.1099853515625
2004-07-12,1112.81005859375
2004-07-13,1114.3499755859375
2004-07-14,1115.1400146484375
2004-07-15,1111.469970703125
2004-07-16,1106.68994140625
2004-07-19,1101.3900146484375
2004-07-20,1100.9000244140625
2004-07-21,1108.6700439453125
2004-07-22,1093.8800048828125
2004-07-23,1096.8399658203125
2004-07-26,1086.199951171875
2004-07-27,1084.0699462890625
2004-07-28,1094.8299560546875
2004-07-29,1095.4200439453125
2004-07-30,1100.4300537109375
2004-08-02,1101.719970703125
2004-08-03,1106.6199951171875
2004-08-04,1099.68994140625
2004-08-05,1098.6300048828125
2004-08-06,1080.699951171875
2004-08-09,1063.969970703125
2004-08-10,1065.219970703125
2004-08-11,1079.0400390625
2004-08-12,1075.7900390625
2004-08-13,1063.22998046875
2004-08-16,1064.800048828125
2004-08-17,1079.3399658203125
2004-08-18,1081.7099609375
2004-08-19,1095.1700439453125
2004-08-20,1091.22998046875
2004-08-23,1098.3499755859375
2004-08-24,1095.6800537109375
2004-08-25,1096.18994140625
2004-08-26,1104.9599609375
2004-08-27,1105.0899658203125
2004-08-30,1107.77001953125
2004-08-31,1099.1500244140625
2004-09-01,1104.239990234375
2004-09-02,1105.9100341796875
2004-09-03,1118.31005859375
2004-09-07,1113.6300048828125
2004-09-08,1121.300048828125
2004-09-09,1116.27001953125
2004-09-10,1118.3800048828125
2004-09-13,1123.9200439453125
2004-09-14,1125.8199462890625
2004-09-15,1128.3299560546875
2004-09-16,1120.3699951171875
2004-09-17,1123.5
2004-09-20,1128.550048828125
2004-09-21,1122.199951171875
2004-09-22,1129.300048828125
2004-09-23,1113.56005859375
2004-09-24,1108.3599853515625
2004-09-27,1110.1099853515625
2004-09-28,1103.52001953125
2004-09-29,1110.06005859375
2004-09-30,1114.800048828125
2004-10-01,1114.5799560546875
2004-10-04,1131.5
2004-10-05,1135.1700439453125
2004-10-06,1134.47998046875
2004-10-07,1142.050048828125
2004-10-08,1130.6500244140625
2004-10-11,1122.1400146484375
2004-10-12,1124.3900146484375
2004-10-13,1121.8399658203125
2004-10-14,1113.6500244140625
2004-10-15,1103.2900390625
2004-10-18,1108.199951171875
2004-10-19,1114.02001953125
2004-10-20,1103.22998046875
2004-10-21,1103.6600341796875
2004-10-22,1106.489990234375
2004-10-25,1095.739990234375
2004-10-26,1094.81005859375
2004-10-27,1111.0899658203125
2004-10-28,1125.3399658203125
2004-10-29,1127.43994140625
2004-11-01,1130.199951171875
2004-11-02,1130.510009765625
2004-11-03,1130.5400390625
2004-11-04,1143.199951171875
2004-11-05,1161.6700439453125
2004-11-08,1166.1700439453125
2004-11-09,1164.8900146484375
2004-11-10,1164.0799560546875
2004-11-11,1162.9100341796875
2004-11-12,1173.47998046875
2004-11-15,1184.1700439453125
2004-11-16,1183.81005859375
2004-11-17,1175.4300537109375
2004-11-18,1181.93994140625
2004-11-19,1183.550048828125
2004-11-22,1170.3399658203125
2004-11-23,1177.239990234375
2004-11-24,1176.93994140625
2004-11-26,1181.760009765625
2004-11-29,1182.6500244140625
2004-11-30,1178.5699462890625
2004-12-01,1173.780029296875
2004-12-02,1191.3699951171875
2004-12-03,1190.3299560546875
2004-12-06,1191.1700439453125
2004-12-07,1190.25
2004-12-08,1177.0699462890625
2004-12-09,1182.81005859375
2004-12-10,1189.239990234375
2004-12-13,1188.0
2004-12-14,1198.6800537109375
2004-12-15,1203.3800048828125
2004-12-16,1205.719970703125
2004-12-17,1203.2099609375
2004-12-20,1194.199951171875
2004-12-21,1194.6500244140625
2004-12-22,1205.449951171875
2004-12-23,1209.5699462890625
2004-12-27,1210.1300048828125
2004-12-28,1204.9200439453125
2004-12-29,1213.5400390625
2004-12-30,1213.449951171875
2004-12-31,1213.550048828125
2005-01-03,1211.9200439453125
2005-01-04,1202.0799560546875
2005-01-05,1188.050048828125
2005-01-06,1183.739990234375
2005-01-07,1187.8900146484375
2005-01-10,1186.18994140625
2005-01-11,1190.25
2005-01-12,1182.989990234375
2005-01-13,1187.699951171875
2005-01-14,1177.449951171875
2005-01-18,1184.52001953125
2005-01-19,1195.97998046875
2005-01-20,1184.6300048828125
2005-01-21,1175.4100341796875
2005-01-24,1167.8699951171875
2005-01-25,1163.75
2005-01-26,1168.4100341796875
2005-01-27,1174.0699462890625
2005-01-28,1174.550048828125
2005-01-31,1171.3599853515625
2005-02-01,1181.27001953125
2005-02-02,1189.4100341796875
2005-02-03,1193.18994140625
2005-02-04,1189.8900146484375
2005-02-07,1203.030029296875
2005-02-08,1201.719970703125
2005-02-09,1202.300048828125
2005-02-10,1191.989990234375
2005-02-11,1197.010009765625
2005-02-14,1205.300048828125
2005-02-15,1206.1400146484375
2005-02-16,1210.1199951171875
2005-02-17,1210.3399658203125
2005-02-18,1200.75
2005-02-22,1201.5899658203125
2005-02-23,1184.1600341796875
2005-02-24,1190.800048828125
2005-02-25,1200.199951171875
2005-02-28,1211.3699951171875
2005-03-01,1203.5999755859375
2005-03-02,1210.4100341796875
2005-03-03,1210.0799560546875
2005-03-04,1210.469970703125
2005-03-07,1222.1199951171875
2005-03-08,1225.31005859375
2005-03-09,1219.4300537109375
2005-03-10,1207.010009765625
2005-03-11,1209.25
2005-03-14,1200.0799560546875
2005-03-15,1206.8299560546875
2005-03-16,1197.75
2005-03-17,1188.0699462890625
2005-03-18,1190.2099609375
2005-03-21,1189.6500244140625
2005-03-22,1183.780029296875
2005-03-23,1171.7099609375
2005-03-24,1172.530029296875
2005-03-28,1171.4200439453125
2005-03-29,1174.280029296875
2005-03-30,1165.3599853515625
2005-03-31,1181.4100341796875
2005-04-01,1180.5899658203125
2005-04-04,1172.7900390625
2005-04-05,1176.1199951171875
2005-04-06,1181.3900146484375
2005-04-07,1184.0699462890625
2005-04-08,1191.1400146484375
2005-04-11,1181.199951171875
2005-04-12,1181.2099609375
2005-04-13,1187.760009765625
2005-04-14,1173.7900390625
2005-04-15,1162.050048828125
2005-04-18,1142.6199951171875
2005-04-19,1145.97998046875
2005-04-20,1152.780029296875
2005-04-21,1137.5
2005-04-22,1159.949951171875
2005-04-25,1152.1199951171875
2005-04-26,1162.0999755859375
2005-04-27,1151.739990234375
2005-04-28,1156.3800048828125
2005-04-29,1143.219970703125
2005-05-02,1156.8499755859375
2005-05-03,1162.1600341796875
2005-05-04,1161.1700439453125
2005-05-05,1175.6500244140625
2005-05-06,1172.6300048828125
2005-05-09,1171.3499755859375
2005-05-10,1178.8399658203125
2005-05-11,1166.219970703125
2005-05-12,1171.1099853515625
2005-05-13,1159.3599853515625
2005-05-16,1154.050048828125
2005-05-17,1165.68994140625
2005-05-18,1173.800048828125
2005-05-19,1185.56005859375
2005-05-20,1191.0799560546875
2005-05-23,1189.280029296875
2005-05-24,1193.8599853515625
2005-05-25,1194.0699462890625
2005-05-26,1190.010009765625
2005-05-27,1197.6199951171875
2005-05-31,1198.780029296875
2005-06-01,1191.5
2005-06-02,1202.27001953125
2005-06-03,1204.2900390625
2005-06-06,1196.02001953125
2005-06-07,1197.510009765625
2005-06-08,1197.260009765625
2005-06-09,1194.6700439453125
2005-06-10,1200.9300537109375
2005-06-13,1198.1099853515625
2005-06-14,1200.8199462890625
2005-06-15,1203.9100341796875
2005-06-16,1206.550048828125
2005-06-17,1210.9300537109375
2005-06-20,1216.9599609375
2005-06-21,1216.0999755859375
2005-06-22,1213.6099853515625
2005-06-23,1213.8800048828125
2005-06-24,1200.72998046875
2005-06-27,1191.5699462890625
2005-06-28,1190.68994140625
2005-06-29,1201.5699462890625
2005-06-30,1199.8499755859375
2005-07-01,1191.3299560546875
2005-07-05,1194.43994140625
2005-07-06,1204.989990234375
2005-07-07,1194.93994140625
2005-07-08,1197.8699951171875
2005-07-11,1211.8599853515625
2005-07-12,1219.43994140625
2005-07-13,1222.2099609375
2005-07-14,1223.2900390625
2005-07-15,1226.5
2005-07-18,1227.9200439453125
2005-07-19,1221.1300048828125
2005-07-20,1229.3499755859375
2005-07-21,1235.199951171875
2005-07-22,1227.0400390625
2005-07-25,1233.6800537109375
2005-07-26,1229.030029296875
2005-07-27,1231.1600341796875
2005-07-28,1236.7900390625
2005-07-29,1243.719970703125
2005-08-01,1234.1800537109375
2005-08-02,1235.3499755859375
2005-08-03,1244.1199951171875
2005-08-04,1245.0400390625
2005-08-05,1235.8599853515625
2005-08-08,1226.4200439453125
2005-08-09,1223.1300048828125
2005-08-10,1231.3800048828125
2005-08-11,1229.1300048828125
2005-08-12,1237.81005859375
2005-08-15,1230.4000244140625
2005-08-16,1233.8699951171875
2005-08-17,1219.3399658203125
2005-08-18,1220.239990234375
2005-08-19,1219.02001953125
2005-08-22,1219.7099609375
2005-08-23,1221.72998046875
2005-08-24,1217.5699462890625
2005-08-25,1209.5899658203125
2005-08-26,1212.4000244140625
2005-08-29,1205.0999755859375
2005-08-30,1212.280029296875
2005-08-31,1208.4100341796875
2005-09-01,1220.3299560546875
2005-09-02,1221.5899658203125
2005-09-06,1218.02001953125
2005-09-07,1233.3900146484375
2005-09-08,1236.3599853515625
2005-09-09,1231.6700439453125
2005-09-12,1241.47998046875
2005-09-13,1240.5699462890625
2005-09-14,1231.199951171875
2005-09-15,1227.1600341796875
2005-09-16,1228.4200439453125
2005-09-19,1237.9100341796875
2005-09-20,1231.02001953125
2005-09-21,1221.3399658203125
2005-09-22,1210.199951171875
2005-09-23,1214.6199951171875
2005-09-26,1215.2900390625
2005-09-27,1215.6300048828125
2005-09-28,1215.6600341796875
2005-09-29,1216.8900146484375
2005-09-30,1227.6800537109375
2005-10-03,1228.81005859375
2005-10-04,1226.699951171875
2005-10-05,1214.469970703125
2005-10-06,1196.3900146484375
2005-10-07,1191.489990234375
2005-10-10,1195.9000244140625
2005-10-11,1187.3299560546875
2005-10-12,1184.8699951171875
2005-10-13,1177.6800537109375
2005-10-14,1176.8399658203125
2005-10-17,1186.5699462890625
2005-10-18,1190.0999755859375
2005-10-19,1178.1400146484375
2005-10-20,1195.760009765625
2005-10-21,1177.800048828125
2005-10-24,1179.5899658203125
2005-10-25,1199.3800048828125
2005-10-26,1196.5400390625
2005-10-27,1191.3800048828125
2005-10-28,1178.9000244140625
2005-10-31,1198.4100341796875
2005-11-01,1207.010009765625
2005-11-02,1202.760009765625
2005-11-03,1214.760009765625
2005-11-04,1219.93994140625
2005-11-07,1220.1400146484375
2005-11-08,1222.81005859375
2005-11-09,1218.5899658203125
2005-11-10,1220.6500244140625
2005-11-11,1230.9599609375
2005-11-14,1234.719970703125
2005-11-15,1233.760009765625
2005-11-16,1229.010009765625
2005-11-17,1231.2099609375
2005-11-18,1242.800048828125
2005-11-21,1248.27001953125
2005-11-22,1254.8499755859375
2005-11-23,1261.22998046875
2005-11-25,1265.6099853515625
2005-11-28,1268.25
2005-11-29,1257.4599609375
2005-11-30,1257.47998046875
2005-12-01,1249.47998046875
2005-12-02,1264.6700439453125
2005-12-05,1265.0799560546875
2005-12-06,1262.0899658203125
2005-12-07,1263.699951171875
2005-12-08,1257.3699951171875
2005-12-09,1255.8399658203125
2005-12-12,1259.3699951171875
2005-12-13,1260.4300537109375
2005-12-14,1267.4300537109375
2005-12-15,1272.739990234375
2005-12-16,1270.93994140625
2005-12-19,1267.3199462890625
2005-12-20,1259.9200439453125
2005-12-21,1259.6199951171875
2005-12-22,1262.7900390625
2005-12-23,1268.1199951171875
2005-12-27,1268.6600341796875
2005-12-28,1256.5400390625
2005-12-29,1258.1700439453125
2005-12-30,1254.4200439453125
2006-01-03,1248.2900390625
2006-01-04,1268.800048828125
2006-01-05,1273.4599609375
2006-01-06,1273.47998046875
2006-01-09,1285.449951171875
2006-01-10,1290.1500244140625
2006-01-11,1289.719970703125
2006-01-12,1294.1800537109375
2006-01-13,1286.06005859375
2006-01-17,1287.6099853515625
2006-01-18,1282.9300537109375
2006-01-19,1277.9300537109375
2006-01-20,1285.0400390625
2006-01-23,1261.489990234375
2006-01-24,1263.8199462890625
2006-01-25,1266.8599853515625
2006-01-26,1264.6800537109375
2006-01-27,1273.8299560546875
2006-01-30,1283.719970703125
2006-01-31,1285.199951171875
2006-02-01,1280.0799560546875
2006-02-02,1282.4599609375
2006-02-03,1270.8399658203125
2006-02-06,1264.030029296875
2006-02-07,1265.02001953125
2006-02-08,1254.780029296875
2006-02-09,1265.6500244140625
2006-02-10,1263.8199462890625
2006-02-13,1266.989990234375
2006-02-14,1262.8599853515625
2006-02-15,1275.530029296875
2006-02-16,1280.0
2006-02-17,1289.3800048828125
2006-02-21,1287.239990234375
2006-02-22,1283.030029296875
2006-02-23,1292.6700439453125
2006-02-24,1287.7900390625
2006-02-27,1289.4300537109375
2006-02-28,1294.1199951171875
2006-03-01,1280.6600341796875
2006-03-02,1291.239990234375
2006-03-03,1289.1400146484375
2006-03-06,1287.22998046875
2006-03-07,1278.260009765625
2006-03-08,1275.8800048828125
2006-03-09,1278.469970703125
2006-03-10,1272.22998046875
2006-03-13,1281.5799560546875
2006-03-14,1284.1300048828125
2006-03-15,1297.47998046875
2006-03-16,1303.02001953125
2006-03-17,1305.3299560546875
2006-03-20,1307.25
2006-03-21,1305.0799560546875
2006-03-22,1297.22998046875
2006-03-23,1305.0400390625
2006-03-24,1301.6700439453125
2006-03-27,1302.949951171875
2006-03-28,1301.6099853515625
2006-03-29,1293.22998046875
2006-03-30,1302.8900146484375
2006-03-31,1300.25
2006-04-03,1302.8800048828125
2006-04-04,1297.81005859375
2006-04-05,1305.9300537109375
2006-04-06,1311.56005859375
2006-04-07,1309.0400390625
2006-04-10,1295.510009765625
2006-04-11,1296.5999755859375
2006-04-12,1286.5699462890625
2006-04-13,1288.1199951171875
2006-04-17,1289.1199951171875
2006-04-18,1285.3299560546875
2006-04-19,1307.6500244140625
2006-04-20,1309.9300537109375
2006-04-21,1311.4599609375
2006-04-24,1311.280029296875
2006-04-25,1308.1099853515625
2006-04-26,1301.739990234375
2006-04-27,1305.4100341796875
2006-04-28,1309.719970703125
2006-05-01,1310.6099853515625
2006-05-02,1305.18994140625
2006-05-03,1313.2099609375
2006-05-04,1307.8499755859375
2006-05-05,1312.25
2006-05-08,1325.760009765625
2006-05-09,1324.6600341796875
2006-05-10,1324.5699462890625
2006-05-11,1322.6300048828125
2006-05-12,1305.8800048828125
2006-05-15,1291.18994140625
2006-05-16,1294.5
2006-05-17,1291.72998046875
2006-05-18,1270.25
2006-05-19,1261.81005859375
2006-05-22,1267.030029296875
2006-05-23,1262.06005859375
2006-05-24,1256.56005859375
2006-05-25,1258.4100341796875
2006-05-26,1272.7099609375
2006-05-30,1280.0400390625
2006-05-31,1259.3800048828125
2006-06-01,1270.050048828125
2006-06-02,1285.7099609375
2006-06-05,1288.1600341796875
2006-06-06,1265.22998046875
2006-06-07,1263.6099853515625
2006-06-08,1256.0799560546875
2006-06-09,1257.9300537109375
2006-06-12,1252.27001953125
2006-06-13,1236.0799560546875
2006-06-14,1223.6600341796875
2006-06-15,1230.010009765625
2006-06-16,1256.1600341796875
2006-06-19,1251.5400390625
2006-06-20,1240.1199951171875
2006-06-21,1240.0899658203125
2006-06-22,1251.9200439453125
2006-06-23,1245.5899658203125
2006-06-26,1244.5
2006-06-27,1250.550048828125
2006-06-28,1238.989990234375
2006-06-29,1245.93994140625
2006-06-30,1272.8599853515625
2006-07-03,1270.06005859375
2006-07-05,1280.050048828125
2006-07-06,1270.5799560546875
2006-07-07,1274.0799560546875
2006-07-10,1265.4599609375
2006-07-11,1267.260009765625
2006-07-12,1272.3900146484375
2006-07-13,1258.5799560546875
2006-07-14,1242.2900390625
2006-07-17,1236.199951171875
2006-07-18,1234.47998046875
2006-07-19,1236.739990234375
2006-07-20,1259.81005859375
2006-07-21,1249.1199951171875
2006-07-24,1240.25
2006-07-25,1260.9100341796875
2006-07-26,1268.8699951171875
2006-07-27,1268.199951171875
2006-07-28,1263.1500244140625
2006-07-31,1278.530029296875
2006-08-01,1278.530029296875
2006-08-02,1270.72998046875
2006-08-03,1278.219970703125
2006-08-04,1280.260009765625
2006-08-07,1279.31005859375
2006-08-08,1275.6700439453125
2006-08-09,1271.1300048828125
2006-08-10,1265.719970703125
2006-08-11,1271.6400146484375
2006-08-14,1266.6700439453125
2006-08-15,1268.18994140625
2006-08-16,1285.27001953125
2006-08-17,1295.3699951171875
2006-08-18,1297.47998046875
2006-08-21,1302.300048828125
2006-08-22,1297.52001953125
2006-08-23,1298.72998046875
2006-08-24,1292.969970703125
2006-08-25,1295.9200439453125
2006-08-28,1295.0899658203125
2006-08-29,1301.5699462890625
2006-08-30,1303.699951171875
2006-08-31,1304.25
2006-09-01,1303.800048828125
2006-09-05,1310.93994140625
2006-09-06,1313.0400390625
2006-09-07,1300.2099609375
2006-09-08,1294.02001953125
2006-09-11,1298.8599853515625
2006-09-12,1299.530029296875
2006-09-13,1312.739990234375
2006-09-14,1318.0
2006-09-15,1316.280029296875
2006-09-18,1319.8499755859375
2006-09-19,1321.1700439453125
2006-09-20,1318.280029296875
2006-09-21,1324.8900146484375
2006-09-22,1318.030029296875
2006-09-25,1314.780029296875
2006-09-26,1326.3499755859375
2006-09-27,1336.1199951171875
2006-09-28,1336.56005859375
2006-09-29,1339.1500244140625
2006-10-02,1335.8199462890625
2006-10-03,1331.3199462890625
2006-10-04,1333.81005859375
2006-10-05,1349.8399658203125
2006-10-06,1353.219970703125
2006-10-09,1349.5799560546875
2006-10-10,1350.6199951171875
2006-10-11,1353.280029296875
2006-10-12,1349.93994140625
2006-10-13,1362.8199462890625
2006-10-16,1365.6099853515625
2006-10-17,1369.050048828125
2006-10-18,1363.9300537109375
2006-10-19,1365.949951171875
2006-10-20,1366.93994140625
2006-10-23,1368.5799560546875
2006-10-24,1377.02001953125
2006-10-25,1377.3599853515625
2006-10-26,1382.2099609375
2006-10-27,1388.8900146484375
2006-10-30,1377.300048828125
2006-10-31,1377.9300537109375
2006-11-01,1377.760009765625
2006-11-02,1367.43994140625
2006-11-03,1367.31005859375
2006-11-06,1364.27001953125
2006-11-07,1379.75
2006-11-08,1382.5
2006-11-09,1385.4300537109375
2006-11-10,1378.3299560546875
2006-11-13,1380.5799560546875
2006-11-14,1384.3599853515625
2006-11-15,1392.9100341796875
2006-11-16,1396.530029296875
2006-11-17,1399.760009765625
2006-11-20,1401.1700439453125
2006-11-21,1400.4300537109375
2006-11-22,1402.68994140625
2006-11-24,1405.93994140625
2006-11-27,1400.949951171875
2006-11-28,1381.6099853515625
2006-11-29,1386.1099853515625
2006-11-30,1399.469970703125
2006-12-01,1400.6300048828125
2006-12-04,1396.6700439453125
2006-12-05,1409.0999755859375
2006-12-06,1414.4000244140625
2006-12-07,1412.8599853515625
2006-12-08,1407.27001953125
2006-12-11,1409.81005859375
2006-12-12,1413.0
2006-12-13,1411.3199462890625
2006-12-14,1413.1600341796875
2006-12-15,1425.47998046875
2006-12-18,1427.0799560546875
2006-12-19,1422.4200439453125
2006-12-20,1425.510009765625
2006-12-21,1423.199951171875
2006-12-22,1418.0999755859375
2006-12-26,1410.75
2006-12-27,1416.6300048828125
2006-12-28,1426.77001953125
2006-12-29,1424.7099609375
2007-01-03,1418.030029296875
2007-01-04,1416.5999755859375
2007-01-05,1418.3399658203125
2007-01-08,1409.260009765625
2007-01-09,1412.8399658203125
2007-01-10,1408.699951171875
2007-01-11,1414.8399658203125
2007-01-12,1423.8199462890625
2007-01-16,1430.72998046875
2007-01-17,1431.77001953125
2007-01-18,1430.5899658203125
2007-01-19,1426.3499755859375
2007-01-22,1430.469970703125
2007-01-23,1422.949951171875
2007-01-24,1427.9599609375
2007-01-25,1440.1199951171875
2007-01-26,1423.9000244140625
2007-01-29,1422.030029296875
2007-01-30,1420.6099853515625
2007-01-31,1428.6500244140625
2007-02-01,1437.9000244140625
2007-02-02,1445.93994140625
2007-02-05,1448.3299560546875
2007-02-06,1446.97998046875
2007-02-07,1447.4100341796875
2007-02-08,1449.989990234375
2007-02-09,1448.25
2007-02-12,1438.0
2007-02-13,1433.219970703125
2007-02-14,1443.9100341796875
2007-02-15,1455.1500244140625
2007-02-16,1456.77001953125
2007-02-20,1455.530029296875
2007-02-21,1459.5999755859375
2007-02-22,1457.2900390625
2007-02-23,1456.219970703125
2007-02-26,1451.0400390625
2007-02-27,1449.25
2007-02-28,1398.6400146484375
2007-03-01,1406.800048828125
2007-03-02,1403.1600341796875
2007-03-05,1387.1099853515625
2007-03-06,1374.06005859375
2007-03-07,1395.02001953125
2007-03-08,1391.8800048828125
2007-03-09,1401.8900146484375
2007-03-12,1402.800048828125
2007-03-13,1406.22998046875
2007-03-14,1377.8599853515625
2007-03-15,1387.1099853515625
2007-03-16,1392.280029296875
2007-03-19,1386.949951171875
2007-03-20,1402.0400390625
2007-03-21,1410.9200439453125
2007-03-22,1435.0400390625
2007-03-23,1434.5400390625
2007-03-26,1436.1099853515625
2007-03-27,1437.489990234375
2007-03-28,1428.3499755859375
2007-03-29,1417.1700439453125
2007-03-30,1422.52001953125
2007-04-02,1420.8299560546875
2007-04-03,1424.27001953125
2007-04-04,1437.75
2007-04-05,1438.93994140625
2007-04-09,1443.77001953125
2007-04-10,1444.5799560546875
2007-04-11,1448.22998046875
2007-04-12,1438.8699951171875
2007-04-13,1447.800048828125
2007-04-16,1452.8399658203125
2007-04-17,1468.469970703125
2007-04-18,1471.469970703125
2007-04-19,1472.47998046875
2007-04-20,1470.68994140625
2007-04-23,1484.3299560546875
2007-04-24,1480.9300537109375
2007-04-25,1480.280029296875
2007-04-26,1495.27001953125
2007-04-27,1494.2099609375
2007-04-30,1494.0699462890625
2007-05-01,1482.3699951171875
2007-05-02,1486.1300048828125
2007-05-03,1495.56005859375
2007-05-04,1502.3499755859375
2007-05-07,1505.5699462890625
2007-05-08,1509.3599853515625
2007-05-09,1507.3199462890625
2007-05-10,1512.3299560546875
2007-05-11,1491.469970703125
2007-05-14,1505.760009765625
2007-05-15,1503.1099853515625
2007-05-16,1500.75
2007-05-17,1514.010009765625
2007-05-18,1512.739990234375
2007-05-21,1522.75
2007-05-22,1525.0999755859375
2007-05-23,1524.0899658203125
2007-05-24,1522.0999755859375
2007-05-25,1507.5
2007-05-29,1515.550048828125
2007-05-30,1517.5999755859375
2007-05-31,1530.18994140625
2007-06-01,1530.6199951171875
2007-06-04,1536.280029296875
2007-06-05,1539.1199951171875
2007-06-06,1530.5699462890625
2007-06-07,1517.3599853515625
2007-06-08,1490.7099609375
2007-06-11,1507.6400146484375
2007-06-12,1509.1199951171875
2007-06-13,1492.6500244140625
2007-06-14,1515.5799560546875
2007-06-15,1522.969970703125
2007-06-18,1532.9000244140625
2007-06-19,1531.02001953125
2007-06-20,1533.6800537109375
2007-06-21,1512.5
2007-06-22,1522.18994140625
2007-06-25,1502.56005859375
2007-06-26,1497.6800537109375
2007-06-27,1492.6199951171875
2007-06-28,1506.3199462890625
2007-06-29,1505.699951171875
2007-07-02,1504.6600341796875
2007-07-03,1519.1199951171875
2007-07-05,1524.8599853515625
2007-07-06,1524.9599609375
2007-07-09,1530.4300537109375
2007-07-10,1531.8499755859375
2007-07-11,1509.9300537109375
2007-07-12,1518.739990234375
2007-07-13,1547.6800537109375
2007-07-16,1552.5
2007-07-17,1549.52001953125
2007-07-18,1549.199951171875
2007-07-19,1546.1300048828125
2007-07-20,1553.18994140625
2007-07-23,1534.06005859375
2007-07-24,1541.5699462890625
2007-07-25,1511.030029296875
2007-07-26,1518.0899658203125
2007-07-27,1482.43994140625
2007-07-30,1458.9300537109375
2007-07-31,1473.9000244140625
2007-08-01,1455.1800537109375
2007-08-02,1465.4599609375
2007-08-03,1472.1800537109375
2007-08-06,1433.0400390625
2007-08-07,1467.6199951171875
2007-08-08,1476.219970703125
2007-08-09,1497.2099609375
2007-08-10,1453.0899658203125
2007-08-13,1453.4200439453125
2007-08-14,1452.8699951171875
2007-08-15,1426.1500244140625
2007-08-16,1406.6400146484375
2007-08-17,1411.260009765625
2007-08-20,1445.93994140625
2007-08-21,1445.550048828125
2007-08-22,1447.030029296875
2007-08-23,1464.050048828125
2007-08-24,1462.3399658203125
2007-08-27,1479.3599853515625
2007-08-28,1466.719970703125
2007-08-29,1432.010009765625
2007-08-30,1463.6700439453125
2007-08-31,1457.6099853515625
2007-09-04,1473.9599609375
2007-09-05,1488.760009765625
2007-09-06,1472.030029296875
2007-09-07,1478.550048828125
2007-09-10,1453.5
2007-09-11,1451.68994140625
2007-09-12,1471.0999755859375
2007-09-13,1471.469970703125
2007-09-14,1483.949951171875
2007-09-17,1484.239990234375
2007-09-18,1476.6300048828125
2007-09-19,1519.75
2007-09-20,1528.68994140625
2007-09-21,1518.75
2007-09-24,1525.75
2007-09-25,1516.3399658203125
2007-09-26,1518.6199951171875
2007-09-27,1527.3199462890625
2007-09-28,1531.239990234375
2007-10-01,1527.2900390625
2007-10-02,1546.9599609375
2007-10-03,1545.800048828125
2007-10-04,1539.9100341796875
2007-10-05,1543.8399658203125
2007-10-08,1556.510009765625
2007-10-09,1553.1800537109375
2007-10-10,1564.97998046875
2007-10-11,1564.719970703125
2007-10-12,1555.4100341796875
2007-10-15,1562.25
2007-10-16,1547.81005859375
2007-10-17,1544.43994140625
2007-10-18,1539.2900390625
2007-10-19,1540.0
2007-10-22,1497.7900390625
2007-10-23,1509.300048828125
2007-10-24,1516.6099853515625
2007-10-25,1516.1500244140625
2007-10-26,1522.1700439453125
2007-10-29,1536.9200439453125
2007-10-30,1539.4200439453125
2007-10-31,1532.1500244140625
2007-11-01,1545.7900390625
2007-11-02,1511.0699462890625
2007-11-05,1505.6099853515625
2007-11-06,1505.3299560546875
2007-11-07,1515.4599609375
2007-11-08,1475.27001953125
2007-11-09,1467.5899658203125
2007-11-12,1453.6600341796875
2007-11-13,1441.3499755859375
2007-11-14,1483.4000244140625
2007-11-15,1468.0400390625
2007-11-16,1453.0899658203125
2007-11-19,1456.699951171875
2007-11-20,1434.510009765625
2007-11-21,1434.7099609375
2007-11-23,1417.6199951171875
2007-11-26,1440.739990234375
2007-11-27,1409.5899658203125
2007-11-28,1432.949951171875
2007-11-29,1467.4100341796875
2007-11-30,1471.8299560546875
2007-12-03,1479.6300048828125
2007-12-04,1471.3399658203125
2007-12-05,1465.219970703125
2007-12-06,1484.5899658203125
2007-12-07,1508.5999755859375
2007-12-10,1505.1099853515625
2007-12-11,1516.6800537109375
2007-12-12,1487.5799560546875
2007-12-13,1483.27001953125
2007-12-14,1486.18994140625
2007-12-17,1465.050048828125
2007-12-18,1445.9200439453125
2007-12-19,1454.699951171875
2007-12-20,1456.4200439453125
2007-12-21,1463.18994140625
2007-12-24,1484.550048828125
2007-12-26,1495.1199951171875
2007-12-27,1495.050048828125
2007-12-28,1479.8299560546875
2007-12-31,1475.25
2008-01-02,1467.969970703125
2008-01-03,1447.550048828125
2008-01-04,1444.010009765625
2008-01-07,1414.0699462890625
2008-01-08,1415.7099609375
2008-01-09,1390.25
2008-01-10,1406.780029296875
2008-01-11,1419.9100341796875
2008-01-14,1402.9100341796875
2008-01-15,1411.8800048828125
2008-01-16,1377.4100341796875
2008-01-17,1374.7900390625
2008-01-18,1333.9000244140625
2008-01-22,1312.93994140625
2008-01-23,1310.4100341796875
2008-01-24,1340.1300048828125
2008-01-25,1357.3199462890625
2008-01-28,1330.699951171875
2008-01-29,1355.93994140625
2008-01-30,1362.219970703125
2008-01-31,1351.97998046875
2008-02-01,1378.5999755859375
2008-02-04,1395.3800048828125
2008-02-05,1380.280029296875
2008-02-06,1339.47998046875
2008-02-07,1324.010009765625
2008-02-08,1336.8800048828125
2008-02-11,1331.9200439453125
2008-02-12,1340.550048828125
2008-02-13,1353.1199951171875
2008-02-14,1367.3299560546875
2008-02-15,1347.52001953125
2008-02-19,1355.8599853515625
2008-02-20,1348.3900146484375
2008-02-21,1362.2099609375
2008-02-22,1344.219970703125
2008-02-25,1352.75
2008-02-26,1371.760009765625
2008-02-27,1378.949951171875
2008-02-28,1378.1600341796875
2008-02-29,1364.0699462890625
2008-03-03,1330.449951171875
2008-03-04,1329.5799560546875
2008-03-05,1327.68994140625
2008-03-06,1332.199951171875
2008-03-07,1301.530029296875
2008-03-10,1293.1600341796875
2008-03-11,1274.4000244140625
2008-03-12,1321.1300048828125
2008-03-13,1305.260009765625
2008-03-14,1316.050048828125
2008-03-17,1283.2099609375
2008-03-18,1277.1600341796875
2008-03-19,1330.969970703125
2008-03-20,1299.6700439453125
2008-03-24,1330.2900390625
2008-03-25,1349.0699462890625
2008-03-26,1352.449951171875
2008-03-27,1340.3399658203125
2008-03-28,1327.02001953125
2008-03-31,1315.9200439453125
2008-04-01,1326.4100341796875
2008-04-02,1369.9599609375
2008-04-03,1365.68994140625
2008-04-04,1369.8499755859375
2008-04-07,1373.68994140625
2008-04-08,1370.1600341796875
2008-04-09,1365.5
2008-04-10,1355.3699951171875
2008-04-11,1357.97998046875
2008-04-14,1332.199951171875
2008-04-15,1331.719970703125
2008-04-16,1337.02001953125
2008-04-17,1363.3699951171875
2008-04-18,1369.0
2008-04-21,1387.719970703125
2008-04-22,1386.4300537109375
2008-04-23,1378.4000244140625
2008-04-24,1380.52001953125
2008-04-25,1387.8800048828125
2008-04-28,1397.9599609375
2008-04-29,1395.6099853515625
2008-04-30,1391.219970703125
2008-05-01,1385.969970703125
2008-05-02,1409.1600341796875
2008-05-05,1415.3399658203125
2008-05-06,1405.5999755859375
2008-05-07,1417.489990234375
2008-05-08,1394.2900390625
2008-05-09,1394.9000244140625
2008-05-12,1389.4000244140625
2008-05-13,1404.4000244140625
2008-05-14,1405.6500244140625
2008-05-15,1408.3599853515625
2008-05-16,1423.8900146484375
2008-05-19,1425.280029296875
2008-05-20,1424.489990234375
2008-05-21,1414.06005859375
2008-05-22,1390.8299560546875
2008-05-23,1392.199951171875
2008-05-27,1375.969970703125
2008-05-28,1386.5400390625
2008-05-29,1390.5
2008-05-30,1398.3599853515625
2008-06-02,1399.6199951171875
2008-06-03,1386.4200439453125
2008-06-04,1376.260009765625
2008-06-05,1377.47998046875
2008-06-06,1400.06005859375
2008-06-09,1360.8299560546875
2008-06-10,1358.97998046875
2008-06-11,1357.0899658203125
2008-06-12,1335.780029296875
2008-06-13,1341.81005859375
2008-06-16,1358.8499755859375
2008-06-17,1360.7099609375
2008-06-18,1349.5899658203125
2008-06-19,1336.8900146484375
2008-06-20,1341.02001953125
2008-06-23,1319.77001953125
2008-06-24,1317.22998046875
2008-06-25,1314.5400390625
2008-06-26,1316.2900390625
2008-06-27,1283.5999755859375
2008-06-30,1278.06005859375
2008-07-01,1276.68994140625
2008-07-02,1285.8199462890625
2008-07-03,1262.9599609375
2008-07-07,1262.9000244140625
2008-07-08,1251.8399658203125
2008-07-09,1273.3800048828125
2008-07-10,1245.25
2008-07-11,1248.6600341796875
2008-07-14,1241.6099853515625
2008-07-15,1226.8299560546875
2008-07-16,1214.6500244140625
2008-07-17,1246.31005859375
2008-07-18,1258.219970703125
2008-07-21,1261.8199462890625
2008-07-22,1257.0799560546875
2008-07-23,1278.8699951171875
2008-07-24,1283.219970703125
2008-07-25,1253.510009765625
2008-07-28,1257.760009765625
2008-07-29,1236.3800048828125
2008-07-30,1264.52001953125
2008-07-31,1281.3699951171875
2008-08-01,1269.4200439453125
2008-08-04,1253.27001953125
2008-08-05,1254.8699951171875
2008-08-06,1283.989990234375
2008-08-07,1286.510009765625
2008-08-08,1266.2900390625
2008-08-11,1294.4200439453125
2008-08-12,1304.7900390625
2008-08-13,1288.6400146484375
2008-08-14,1282.1099853515625
2008-08-15,1293.8499755859375
2008-08-18,1298.1400146484375
2008-08-19,1276.6500244140625
2008-08-20,1267.3399658203125
2008-08-21,1271.0699462890625
2008-08-22,1277.5899658203125
2008-08-25,1290.469970703125
2008-08-26,1267.030029296875
2008-08-27,1271.2900390625
2008-08-28,1283.7900390625
2008-08-29,1296.489990234375
2008-09-02,1287.8299560546875
2008-09-03,1276.6099853515625
2008-09-04,1271.800048828125
2008-09-05,1233.2099609375
2008-09-08,1249.5
2008-09-09,1267.97998046875
2008-09-10,1227.5
2008-09-11,1229.0400390625
2008-09-12,1245.8800048828125
2008-09-15,1250.9200439453125
2008-09-16,1188.31005859375
2008-09-17,1210.3399658203125
2008-09-18,1157.0799560546875
2008-09-19,1213.1099853515625
2008-09-22,1255.3699951171875
2008-09-23,1207.6099853515625
2008-09-24,1188.7900390625
2008-09-25,1187.8699951171875
2008-09-26,1204.469970703125
2008-09-29,1209.0699462890625
2008-09-30,1113.780029296875
2008-10-01,1164.1700439453125
2008-10-02,1160.6400146484375
2008-10-03,1115.1600341796875
2008-10-06,1097.56005859375
2008-10-07,1057.5999755859375
2008-10-08,988.9099731445312
2008-10-09,988.4199829101562
2008-10-10,902.3099975585938
2008-10-13,912.75
2008-10-14,1009.969970703125
2008-10-15,994.5999755859375
2008-10-16,909.530029296875
2008-10-17,942.2899780273438
2008-10-20,943.510009765625
2008-10-21,980.4000244140625
2008-10-22,951.6699829101562
2008-10-23,899.0800170898438
2008-10-24,895.219970703125
2008-10-27,874.280029296875
2008-10-28,848.9199829101562
2008-10-29,939.510009765625
2008-10-30,939.3800048828125
2008-10-31,953.1099853515625
2008-11-03,968.6699829101562
2008-11-04,971.3099975585938
2008-11-05,1001.8400268554688
2008-11-06,952.4000244140625
2008-11-07,907.4400024414062
2008-11-10,936.75
2008-11-11,917.1500244140625
2008-11-12,893.3900146484375
2008-11-13,853.1300048828125
2008-11-14,904.3599853515625
2008-11-17,873.22998046875
2008-11-18,852.3400268554688
2008-11-19,859.030029296875
2008-11-20,805.8699951171875
2008-11-21,755.8400268554688
2008-11-24,801.2000122070312
2008-11-25,853.4000244140625
2008-11-26,852.9000244140625
2008-11-28,886.8900146484375
2008-12-01,888.6099853515625
2008-12-02,817.9400024414062
2008-12-03,843.5999755859375
2008-12-04,869.75
2008-12-05,844.4299926757812
2008-12-08,882.7100219726562
2008-12-09,906.47998046875
2008-12-10,892.1699829101562
2008-12-11,898.3499755859375
2008-12-12,871.7899780273438
2008-12-15,881.0700073242188
2008-12-16,871.530029296875
2008-12-17,908.1599731445312
2008-12-18,905.97998046875
2008-12-19,886.9600219726562
2008-12-22,887.2000122070312
2008-12-23,874.3099975585938
2008-12-24,863.8699951171875
2008-12-26,869.510009765625
2008-12-29,872.3699951171875
2008-12-30,870.5800170898438
2008-12-31,890.5900268554688
2009-01-02,902.989990234375
2009-01-05,929.1699829101562
2009-01-06,931.1699829101562
2009-01-07,927.4500122070312
2009-01-08,905.72998046875
2009-01-09,909.9099731445312
2009-01-12,890.4000244140625
2009-01-13,869.7899780273438
2009-01-14,867.280029296875
2009-01-15,841.989990234375
2009-01-16,844.4500122070312
2009-01-20,849.6400146484375
2009-01-21,806.77001953125
2009-01-22,839.739990234375
2009-01-23,822.1599731445312
2009-01-26,832.5
2009-01-27,837.2999877929688
2009-01-28,845.72998046875
2009-01-29,868.8900146484375
2009-01-30,845.6900024414062
2009-02-02,823.0900268554688
2009-02-03,825.6900024414062
2009-02-04,837.77001953125
2009-02-05,831.75
2009-02-06,846.0900268554688
2009-02-09,868.239990234375
2009-02-10,866.8699951171875
2009-02-11,827.4099731445312
2009-02-12,829.9099731445312
2009-02-13,833.9500122070312
2009-02-17,818.6099853515625
2009-02-18,791.0599975585938
2009-02-19,787.9099731445312
2009-02-20,775.8699951171875
2009-02-23,773.25
2009-02-24,744.6900024414062
2009-02-25,770.6400146484375
2009-02-26,765.760009765625
2009-02-27,749.9299926757812
2009-03-02,729.5700073242188
2009-03-03,704.4400024414062
2009-03-04,698.5999755859375
2009-03-05,708.27001953125
2009-03-06,684.0399780273438
2009-03-09,680.760009765625
2009-03-10,679.280029296875
2009-03-11,719.5900268554688
2009-03-12,720.8900146484375
2009-03-13,751.969970703125
2009-03-16,758.8400268554688
2009-03-17,753.8800048828125
2009-03-18,776.010009765625
2009-03-19,797.9199829101562
2009-03-20,784.5800170898438
2009-03-23,772.3099975585938
2009-03-24,820.5999755859375
2009-03-25,806.8099975585938
2009-03-26,814.0599975585938
2009-03-27,828.6799926757812
2009-03-30,809.0700073242188
2009-03-31,790.8800048828125
2009-04-01,793.5900268554688
2009-04-02,814.530029296875
2009-04-03,835.1300048828125
2009-04-06,839.75
2009-04-07,834.1199951171875
2009-04-08,816.760009765625
2009-04-09,829.2899780273438
2009-04-13,855.3300170898438
2009-04-14,856.8800048828125
2009-04-15,839.4400024414062
2009-04-16,854.5399780273438
2009-04-17,865.1799926757812
2009-04-20,868.27001953125
2009-04-21,831.25
2009-04-22,847.260009765625
2009-04-23,844.6199951171875
2009-04-24,853.9099731445312
2009-04-27,862.8200073242188
2009-04-28,854.47998046875
2009-04-29,856.8499755859375
2009-04-30,876.5900268554688
2009-05-01,872.739990234375
2009-05-04,879.2100219726562
2009-05-05,906.0999755859375
2009-05-06,903.9500122070312
2009-05-07,919.5800170898438
2009-05-08,909.030029296875
2009-05-11,922.989990234375
2009-05-12,910.52001953125
2009-05-13,905.4000244140625
2009-05-14,884.239990234375
2009-05-15,892.760009765625
2009-05-18,886.0700073242188
2009-05-19,909.6699829101562
2009-05-20,908.6199951171875
2009-05-21,900.4199829101562
2009-05-22,888.6799926757812
2009-05-26,887.0
2009-05-27,909.9500122070312
2009-05-28,892.9600219726562
2009-05-29,907.02001953125
2009-06-01,923.260009765625
2009-06-02,942.8699951171875
2009-06-03,942.510009765625
2009-06-04,932.489990234375
2009-06-05,945.6699829101562
2009-06-08,938.1199951171875
2009-06-09,940.3499755859375
2009-06-10,942.72998046875
2009-06-11,939.0399780273438
2009-06-12,943.4400024414062
2009-06-15,942.4500122070312
2009-06-16,925.5999755859375
2009-06-17,911.8900146484375
2009-06-18,910.8599853515625
2009-06-19,919.9600219726562
2009-06-22,918.1300048828125
2009-06-23,893.4600219726562
2009-06-24,896.3099975585938
2009-06-25,899.4500122070312
2009-06-26,918.8400268554688
2009-06-29,919.8599853515625
2009-06-30,927.1500244140625
2009-07-01,920.8200073242188
2009-07-02,921.239990234375
2009-07-06,894.27001953125
2009-07-07,898.5999755859375
2009-07-08,881.9000244140625
2009-07-09,881.280029296875
2009-07-10,880.030029296875
2009-07-13,879.5700073242188
2009-07-14,900.77001953125
2009-07-15,910.1500244140625
2009-07-16,930.1699829101562
2009-07-17,940.5599975585938
2009-07-20,942.0700073242188
2009-07-21,951.969970703125
2009-07-22,953.4000244140625
2009-07-23,954.0700073242188
2009-07-24,972.1599731445312
2009-07-27,978.6300048828125
2009-07-28,981.47998046875
2009-07-29,977.6599731445312
2009-07-30,976.010009765625
2009-07-31,986.7999877929688
2009-08-03,990.219970703125
2009-08-04,1001.4099731445312
2009-08-05,1005.4099731445312
2009-08-06,1004.0599975585938
2009-08-07,999.8300170898438
2009-08-10,1008.8900146484375
2009-08-11,1005.77001953125
2009-08-12,994.0
2009-08-13,1005.8599853515625
2009-08-14,1012.22998046875
2009-08-17,998.1799926757812
2009-08-18,980.6199951171875
2009-08-19,986.8800048828125
2009-08-20,996.4099731445312
2009-08-21,1009.0599975585938
2009-08-24,1026.5899658203125
2009-08-25,1026.6300048828125
2009-08-26,1027.3499755859375
2009-08-27,1027.81005859375
2009-08-28,1031.6199951171875
2009-08-31,1025.2099609375
2009-09-01,1019.52001953125
2009-09-02,996.0700073242188
2009-09-03,996.1199951171875
2009-09-04,1003.8400268554688
2009-09-08,1018.6699829101562
2009-09-09,1025.3599853515625
2009-09-10,1032.989990234375
2009-09-11,1043.9200439453125
2009-09-14,1040.1500244140625
2009-09-15,1049.030029296875
2009-09-16,1053.989990234375
2009-09-17,1067.8699951171875
2009-09-18,1066.5999755859375
2009-09-21,1067.1400146484375
2009-09-22,1066.3499755859375
2009-09-23,1072.68994140625
2009-09-24,1062.56005859375
2009-09-25,1049.47998046875
2009-09-28,1045.3800048828125
2009-09-29,1063.68994140625
2009-09-30,1061.02001953125
2009-10-01,1054.9100341796875
2009-10-02,1029.7099609375
2009-10-05,1026.8699951171875
2009-10-06,1042.02001953125
2009-10-07,1053.6500244140625
2009-10-08,1060.030029296875
2009-10-09,1065.280029296875
2009-10-12,1071.6300048828125
2009-10-13,1074.9599609375
2009-10-14,1078.6800537109375
2009-10-15,1090.3599853515625
2009-10-16,1094.6700439453125
2009-10-19,1088.219970703125
2009-10-20,1098.6400146484375
2009-10-21,1090.3599853515625
2009-10-22,1080.9599609375
2009-10-23,1095.6199951171875
2009-10-26,1080.3599853515625
2009-10-27,1067.5400390625
2009-10-28,1061.510009765625
2009-10-29,1043.68994140625
2009-10-30,1065.4100341796875
2009-11-02,1036.1800537109375
2009-11-03,1040.9200439453125
2009-11-04,1047.1400146484375
2009-11-05,1047.300048828125
2009-11-06,1064.949951171875
2009-11-09,1072.31005859375
2009-11-10,1091.8599853515625
2009-11-11,1096.0400390625
2009-11-12,1098.31005859375
2009-11-13,1087.5899658203125
2009-11-16,1094.1300048828125
2009-11-17,1109.219970703125
2009-11-18,1109.43994140625
2009-11-19,1106.43994140625
2009-11-20,1094.6600341796875
2009-11-23,1094.8599853515625
2009-11-24,1105.8299560546875
2009-11-25,1106.489990234375
2009-11-27,1105.469970703125
2009-11-30,1091.0699462890625
2009-12-01,1098.8900146484375
2009-12-02,1109.030029296875
2009-12-03,1110.5899658203125
2009-12-04,1100.4300537109375
2009-12-07,1105.52001953125
2009-12-08,1103.0400390625
2009-12-09,1091.0699462890625
2009-12-10,1098.68994140625
2009-12-11,1103.9599609375
2009-12-14,1107.8399658203125
2009-12-15,1114.1099853515625
2009-12-16,1108.6099853515625
2009-12-17,1106.3599853515625
2009-12-18,1097.8599853515625
2009-12-21,1105.31005859375
2009-12-22,1114.510009765625
2009-12-23,1118.8399658203125
2009-12-24,1121.0799560546875
2009-12-28,1127.530029296875
2009-12-29,1128.550048828125
2009-12-30,1125.530029296875
2009-12-31,1126.5999755859375
2010-01-04,1116.56005859375
2010-01-05,1132.6600341796875
2010-01-06,1135.7099609375
2010-01-07,1136.27001953125
2010-01-08,1140.52001953125
2010-01-11,1145.9599609375
2010-01-12,1143.81005859375
2010-01-13,1137.31005859375
2010-01-14,1145.6800537109375
2010-01-15,1147.719970703125
2010-01-19,1136.030029296875
2010-01-20,1147.949951171875
2010-01-21,1138.6800537109375
2010-01-22,1115.489990234375
2010-01-25,1092.4000244140625
2010-01-26,1095.800048828125
2010-01-27,1091.93994140625
2010-01-28,1096.9300537109375
2010-01-29,1087.6099853515625
2010-02-01,1073.8900146484375
2010-02-02,1090.050048828125
2010-02-03,1100.6700439453125
2010-02-04,1097.25
2010-02-05,1064.1199951171875
2010-02-08,1065.510009765625
2010-02-09,1060.06005859375
2010-02-10,1069.6800537109375
2010-02-11,1067.0999755859375
2010-02-12,1075.949951171875
2010-02-16,1079.1300048828125
2010-02-17,1096.1400146484375
2010-02-18,1099.030029296875
2010-02-19,1105.489990234375
2010-02-22,1110.0
2010-02-23,1107.489990234375
2010-02-24,1095.8900146484375
2010-02-25,1101.239990234375
2010-02-26,1103.0999755859375
2010-03-01,1105.3599853515625
2010-03-02,1117.010009765625
2010-03-03,1119.3599853515625
2010-03-04,1119.1199951171875
2010-03-05,1125.1199951171875
2010-03-08,1138.4000244140625
2010-03-09,1137.56005859375
2010-03-10,1140.219970703125
2010-03-11,1143.9599609375
2010-03-12,1151.7099609375
2010-03-15,1148.530029296875
2010-03-16,1150.8299560546875
2010-03-17,1159.93994140625
2010-03-18,1166.1300048828125
2010-03-19,1166.6800537109375
2010-03-22,1157.25
2010-03-23,1166.469970703125
2010-03-24,1172.699951171875
2010-03-25,1170.030029296875
2010-03-26,1167.5799560546875
2010-03-29,1167.7099609375
2010-03-30,1173.75
2010-03-31,1171.75
2010-04-01,1171.22998046875
2010-04-05,1178.7099609375
2010-04-06,1186.010009765625
2010-04-07,1188.22998046875
2010-04-08,1181.75
2010-04-09,1187.469970703125
2010-04-12,1194.93994140625
2010-04-13,1195.93994140625
2010-04-14,1198.68994140625
2010-04-15,1210.77001953125
2010-04-16,1210.1700439453125
2010-04-19,1192.06005859375
2010-04-20,1199.0400390625
2010-04-21,1207.1600341796875
2010-04-22,1202.52001953125
2010-04-23,1207.8699951171875
2010-04-26,1217.0699462890625
2010-04-27,1209.9200439453125
2010-04-28,1184.5899658203125
2010-04-29,1193.300048828125
2010-04-30,1206.77001953125
2010-05-03,1188.5799560546875
2010-05-04,1197.5
2010-05-05,1169.239990234375
2010-05-06,1164.3800048828125
2010-05-07,1127.0400390625
2010-05-10,1122.27001953125
2010-05-11,1156.3900146484375
2010-05-12,1155.4300537109375
2010-05-13,1170.0400390625
2010-05-14,1157.18994140625
2010-05-17,1136.52001953125
2010-05-18,1138.780029296875
2010-05-19,1119.5699462890625
2010-05-20,1107.3399658203125
2010-05-21,1067.260009765625
2010-05-24,1084.780029296875
2010-05-25,1067.4200439453125
2010-05-26,1075.510009765625
2010-05-27,1074.27001953125
2010-05-28,1102.5899658203125
2010-06-01,1087.300048828125
2010-06-02,1073.010009765625
2010-06-03,1098.8199462890625
2010-06-04,1098.4300537109375
2010-06-07,1065.8399658203125
2010-06-08,1050.81005859375
2010-06-09,1062.75
2010-06-10,1058.77001953125
2010-06-11,1082.6500244140625
2010-06-14,1095.0
2010-06-15,1091.2099609375
2010-06-16,1114.02001953125
2010-06-17,1115.97998046875
2010-06-18,1116.1600341796875
2010-06-21,1122.7900390625
2010-06-22,1113.9000244140625
2010-06-23,1095.5699462890625
2010-06-24,1090.9300537109375
2010-06-25,1075.0999755859375
2010-06-28,1077.5
2010-06-29,1071.0999755859375
2010-06-30,1040.56005859375
2010-07-01,1031.0999755859375
2010-07-02,1027.6500244140625
2010-07-06,1028.0899658203125
2010-07-07,1028.5400390625
2010-07-08,1062.9200439453125
2010-07-09,1070.5
2010-07-12,1077.22998046875
2010-07-13,1080.6500244140625
2010-07-14,1095.6099853515625
2010-07-15,1094.4599609375
2010-07-16,1093.8499755859375
2010-07-19,1066.8499755859375
2010-07-20,1064.530029296875
2010-07-21,1086.6700439453125
2010-07-22,1072.1400146484375
2010-07-23,1092.1700439453125
2010-07-26,1102.8900146484375
2010-07-27,1117.3599853515625
2010-07-28,1112.8399658203125
2010-07-29,1108.0699462890625
2010-07-30,1098.43994140625
2010-08-02,1107.530029296875
2010-08-03,1125.3399658203125
2010-08-04,1121.06005859375
2010-08-05,1125.780029296875
2010-08-06,1122.0699462890625
2010-08-09,1122.800048828125
2010-08-10,1122.9200439453125
2010-08-11,1116.8900146484375
2010-08-12,1081.47998046875
2010-08-13,1082.219970703125
2010-08-16,1077.489990234375
2010-08-17,1081.1600341796875
2010-08-18,1092.0799560546875
2010-08-19,1092.43994140625
2010-08-20,1075.6300048828125
2010-08-23,1073.3599853515625
2010-08-24,1063.199951171875
2010-08-25,1048.97998046875
2010-08-26,1056.280029296875
2010-08-27,1049.27001953125
2010-08-30,1062.9000244140625
2010-08-31,1046.8800048828125
2010-09-01,1049.719970703125
2010-09-02,1080.6600341796875
2010-09-03,1093.6099853515625
2010-09-07,1102.5999755859375
2010-09-08,1092.3599853515625
2010-09-09,1101.1500244140625
2010-09-10,1104.5699462890625
2010-09-13,1113.3800048828125
2010-09-14,1121.1600341796875
2010-09-15,1119.4300537109375
2010-09-16,1123.8900146484375
2010-09-17,1126.3900146484375
2010-09-20,1126.5699462890625
2010-09-21,1142.8199462890625
2010-09-22,1139.489990234375
2010-09-23,1131.0999755859375
2010-09-24,1131.68994140625
2010-09-27,1148.6400146484375
2010-09-28,1142.31005859375
2010-09-29,1146.75
2010-09-30,1145.969970703125
2010-10-01,1143.489990234375
2010-10-04,1144.9599609375
2010-10-05,1140.6800537109375
2010-10-06,1159.81005859375
2010-10-07,1161.5699462890625
2010-10-08,1158.3599853515625
2010-10-11,1165.3199462890625
2010-10-12,1164.280029296875
2010-10-13,1171.3199462890625
2010-10-14,1177.8199462890625
2010-10-15,1177.469970703125
2010-10-18,1176.8299560546875
2010-10-19,1178.6400146484375
2010-10-20,1166.739990234375
2010-10-21,1179.8199462890625
2010-10-22,1180.52001953125
2010-10-25,1184.739990234375
2010-10-26,1184.8800048828125
2010-10-27,1183.8399658203125
2010-10-28,1184.469970703125
2010-10-29,1183.8699951171875
2010-11-01,1185.7099609375
2010-11-02,1187.8599853515625
2010-11-03,1193.7900390625
2010-11-04,1198.3399658203125
2010-11-05,1221.199951171875
2010-11-08,1223.239990234375
2010-11-09,1223.5899658203125
2010-11-10,1213.1400146484375
2010-11-11,1213.0400390625
2010-11-12,1209.0699462890625
2010-11-15,1200.43994140625
2010-11-16,1194.7900390625
2010-11-17,1178.3299560546875
2010-11-18,1183.75
2010-11-19,1196.1199951171875
2010-11-22,1198.0699462890625
2010-11-23,1192.510009765625
2010-11-24,1183.699951171875
2010-11-26,1194.1600341796875
2010-11-29,1189.0799560546875
2010-11-30,1182.9599609375
2010-12-01,1186.5999755859375
2010-12-02,1206.81005859375
2010-12-03,1219.9300537109375
2010-12-06,1223.8699951171875
2010-12-07,1227.25
2010-12-08,1225.02001953125
2010-12-09,1230.1400146484375
2010-12-10,1233.8499755859375
2010-12-13,1242.52001953125
2010-12-14,1241.8399658203125
2010-12-15,1241.5799560546875
2010-12-16,1236.3399658203125
2010-12-17,1243.6300048828125
2010-12-20,1245.760009765625
2010-12-21,1249.4300537109375
2010-12-22,1254.93994140625
2010-12-23,1257.530029296875
2010-12-27,1254.6600341796875
2010-12-28,1259.0999755859375
2010-12-29,1258.780029296875
2010-12-30,1259.43994140625
2010-12-31,1256.760009765625
2011-01-03,1257.6199951171875
2011-01-04,1272.949951171875
2011-01-05,1268.780029296875
2011-01-06,1276.2900390625
2011-01-07,1274.4100341796875
2011-01-10,1270.8399658203125
2011-01-11,1272.5799560546875
2011-01-12,1275.6500244140625
2011-01-13,1285.780029296875
2011-01-14,1282.9000244140625
2011-01-18,1293.219970703125
2011-01-19,1294.52001953125
2011-01-20,1280.8499755859375
2011-01-21,1283.6300048828125
2011-01-24,1283.2900390625
2011-01-25,1288.1700439453125
2011-01-26,1291.969970703125
2011-01-27,1297.510009765625
2011-01-28,1299.6300048828125
2011-01-31,1276.5
2011-02-01,1289.1400146484375
2011-02-02,1305.9100341796875
2011-02-03,1302.77001953125
2011-02-04,1307.010009765625
2011-02-07,1311.8499755859375
2011-02-08,1318.760009765625
2011-02-09,1322.47998046875
2011-02-10,1318.1300048828125
2011-02-11,1318.6600341796875
2011-02-14,1328.72998046875
2011-02-15,1330.4300537109375
2011-02-16,1329.510009765625
2011-02-17,1334.3699951171875
2011-02-18,1340.3800048828125
2011-02-22,1338.9100341796875
2011-02-23,1315.43994140625
2011-02-24,1307.0899658203125
2011-02-25,1307.3399658203125
2011-02-28,1321.6099853515625
2011-03-01,1328.6400146484375
2011-03-02,1305.469970703125
2011-03-03,1312.3699951171875
2011-03-04,1330.72998046875
2011-03-07,1322.719970703125
2011-03-08,1311.050048828125
2011-03-09,1319.9200439453125
2011-03-10,1315.719970703125
2011-03-11,1293.4300537109375
2011-03-14,1301.18994140625
2011-03-15,1288.4599609375
2011-03-16,1279.4599609375
2011-03-17,1261.6099853515625
2011-03-18,1276.7099609375
2011-03-21,1281.6500244140625
2011-03-22,1298.2900390625
2011-03-23,1292.18994140625
2011-03-24,1300.6099853515625
2011-03-25,1311.800048828125
2011-03-28,1315.449951171875
2011-03-29,1309.3699951171875
2011-03-30,1321.8900146484375
2011-03-31,1327.43994140625
2011-04-01,1329.47998046875
2011-04-04,1333.56005859375
2011-04-05,1332.030029296875
2011-04-06,1335.93994140625
2011-04-07,1334.8199462890625
2011-04-08,1336.1600341796875
2011-04-11,1329.010009765625
2011-04-12,1321.9599609375
2011-04-13,1314.030029296875
2011-04-14,1311.1300048828125
2011-04-15,1314.5400390625
2011-04-18,1313.3499755859375
2011-04-19,1305.989990234375
2011-04-20,1319.1199951171875
2011-04-21,1333.22998046875
2011-04-25,1337.1400146484375
2011-04-26,1336.75
2011-04-27,1348.4300537109375
2011-04-28,1353.8599853515625
2011-04-29,1360.1400146484375
2011-05-02,1365.2099609375
2011-05-03,1359.760009765625
2011-05-04,1355.9000244140625
2011-05-05,1344.1600341796875
2011-05-06,1340.239990234375
2011-05-09,1340.199951171875
2011-05-10,1348.3399658203125
2011-05-11,1354.510009765625
2011-05-12,1339.3900146484375
2011-05-13,1348.68994140625
2011-05-16,1334.77001953125
2011-05-17,1326.0999755859375
2011-05-18,1328.5400390625
2011-05-19,1342.4000244140625
2011-05-20,1342.0
2011-05-23,1333.0699462890625
2011-05-24,1317.699951171875
2011-05-25,1316.3599853515625
2011-05-26,1320.6400146484375
2011-05-27,1325.68994140625
2011-05-31,1331.0999755859375
2011-06-01,1345.199951171875
2011-06-02,1314.550048828125
2011-06-03,1312.93994140625
2011-06-06,1300.260009765625
2011-06-07,1286.31005859375
2011-06-08,1284.6300048828125
2011-06-09,1279.6300048828125
2011-06-10,1288.5999755859375
2011-06-13,1271.31005859375
2011-06-14,1272.219970703125
2011-06-15,1287.8699951171875
2011-06-16,1265.530029296875
2011-06-17,1268.5799560546875
2011-06-20,1271.5
2011-06-21,1278.4000244140625
2011-06-22,1295.47998046875
2011-06-23,1286.5999755859375
2011-06-24,1283.0400390625
2011-06-27,1268.43994140625
2011-06-28,1280.2099609375
2011-06-29,1296.8499755859375
2011-06-30,1307.6400146484375
2011-07-01,1320.6400146484375
2011-07-05,1339.5899658203125
2011-07-06,1337.56005859375
2011-07-07,1339.6199951171875
2011-07-08,1352.3900146484375
2011-07-11,1343.31005859375
2011-07-12,1319.6099853515625
2011-07-13,1314.449951171875
2011-07-14,1317.739990234375
2011-07-15,1308.8699951171875
2011-07-18,1315.93994140625
2011-07-19,1307.0699462890625
2011-07-20,1328.6600341796875
2011-07-21,1325.6500244140625
2011-07-22,1343.800048828125
2011-07-25,1344.3199462890625
2011-07-26,1337.3900146484375
2011-07-27,1331.9100341796875
2011-07-28,1304.8399658203125
2011-07-29,1300.1199951171875
2011-08-01,1292.5899658203125
2011-08-02,1286.56005859375
2011-08-03,1254.25
2011-08-04,1260.22998046875
2011-08-05,1200.280029296875
2011-08-08,1198.47998046875
2011-08-09,1120.22998046875
2011-08-10,1171.77001953125
2011-08-11,1121.300048828125
2011-08-12,1172.8699951171875
2011-08-15,1178.8599853515625
2011-08-16,1204.219970703125
2011-08-17,1192.8900146484375
2011-08-18,1189.6199951171875
2011-08-19,1140.469970703125
2011-08-22,1123.550048828125
2011-08-23,1124.3599853515625
2011-08-24,1162.1600341796875
2011-08-25,1176.68994140625
2011-08-26,1158.8499755859375
2011-08-29,1177.9100341796875
2011-08-30,1209.760009765625
2011-08-31,1213.0
2011-09-01,1219.1199951171875
2011-09-02,1203.9000244140625
2011-09-06,1173.969970703125
2011-09-07,1165.8499755859375
2011-09-08,1197.97998046875
2011-09-09,1185.3699951171875
2011-09-12,1153.5
2011-09-13,1162.5899658203125
2011-09-14,1173.3199462890625
2011-09-15,1189.43994140625
2011-09-16,1209.2099609375
2011-09-19,1214.989990234375
2011-09-20,1204.5
2011-09-21,1203.6300048828125
2011-09-22,1164.550048828125
2011-09-23,1128.8199462890625
2011-09-26,1136.9100341796875
2011-09-27,1163.3199462890625
2011-09-28,1175.3900146484375
2011-09-29,1151.739990234375
2011-09-30,1159.9300537109375
2011-10-03,1131.2099609375
2011-10-04,1097.4200439453125
2011-10-05,1124.030029296875
2011-10-06,1144.1099853515625
2011-10-07,1165.030029296875
2011-10-10,1158.1500244140625
2011-10-11,1194.5999755859375
2011-10-12,1196.18994140625
2011-10-13,1206.9599609375
2011-10-14,1205.6500244140625
2011-10-17,1224.469970703125
2011-10-18,1200.75
2011-10-19,1223.4599609375
2011-10-20,1209.9200439453125
2011-10-21,1215.3900146484375
2011-10-24,1238.719970703125
2011-10-25,1254.18994140625
2011-10-26,1229.1700439453125
2011-10-27,1243.969970703125
2011-10-28,1284.3900146484375
2011-10-31,1284.9599609375
2011-11-01,1251.0
2011-11-02,1219.6199951171875
2011-11-03,1238.25
2011-11-04,1260.8199462890625
2011-11-07,1253.2099609375
2011-11-08,1261.1199951171875
2011-11-09,1275.1800537109375
2011-11-10,1229.5899658203125
2011-11-11,1240.1199951171875
2011-11-14,1263.8499755859375
2011-11-15,1251.699951171875
2011-11-16,1257.81005859375
2011-11-17,1236.56005859375
2011-11-18,1216.18994140625
2011-11-21,1215.6199951171875
2011-11-22,1192.97998046875
2011-11-23,1187.47998046875
2011-11-25,1161.4100341796875
2011-11-28,1158.6700439453125
2011-11-29,1192.56005859375
2011-11-30,1196.719970703125
2011-12-01,1246.9100341796875
2011-12-02,1246.030029296875
2011-12-05,1244.3299560546875
2011-12-06,1257.18994140625
2011-12-07,1258.1400146484375
2011-12-08,1260.8699951171875
2011-12-09,1234.47998046875
2011-12-12,1255.050048828125
2011-12-13,1236.8299560546875
2011-12-14,1225.72998046875
2011-12-15,1212.1199951171875
2011-12-16,1216.0899658203125
2011-12-19,1219.739990234375
2011-12-20,1205.719970703125
2011-12-21,1241.25
2011-12-22,1243.719970703125
2011-12-23,1254.0
2011-12-27,1265.02001953125
2011-12-28,1265.3800048828125
2011-12-29,1249.75
2011-12-30,1262.8199462890625
2012-01-03,1258.8599853515625
2012-01-04,1277.030029296875
2012-01-05,1277.300048828125
2012-01-06,1280.9300537109375
2012-01-09,1277.8299560546875
2012-01-10,1280.77001953125
2012-01-11,1292.02001953125
2012-01-12,1292.47998046875
2012-01-13,1294.8199462890625
2012-01-17,1290.219970703125
2012-01-18,1293.6500244140625
2012-01-19,1308.0699462890625
2012-01-20,1314.489990234375
2012-01-23,1315.2900390625
2012-01-24,1315.9599609375
2012-01-25,1314.4000244140625
2012-01-26,1326.280029296875
2012-01-27,1318.25
2012-01-30,1316.1600341796875
2012-01-31,1313.530029296875
2012-02-01,1312.449951171875
2012-02-02,1324.239990234375
2012-02-03,1326.2099609375
2012-02-06,1344.3199462890625
2012-02-07,1344.3299560546875
2012-02-08,1347.0400390625
2012-02-09,1349.969970703125
2012-02-10,1351.2099609375
2012-02-13,1343.06005859375
2012-02-14,1351.300048828125
2012-02-15,1350.52001953125
2012-02-16,1342.6099853515625
2012-02-17,1358.06005859375
2012-02-21,1361.219970703125
2012-02-22,1362.1099853515625
2012-02-23,1357.530029296875
2012-02-24,1363.4599609375
2012-02-27,1365.199951171875
2012-02-28,1367.56005859375
2012-02-29,1372.199951171875
2012-03-01,1365.9000244140625
2012-03-02,1374.0899658203125
2012-03-05,1369.5899658203125
2012-03-06,1363.6300048828125
2012-03-07,1343.3900146484375
2012-03-08,1352.6500244140625
2012-03-09,1365.969970703125
2012-03-12,1370.780029296875
2012-03-13,1371.9200439453125
2012-03-14,1395.949951171875
2012-03-15,1394.1700439453125
2012-03-16,1402.550048828125
2012-03-19,1404.1700439453125
2012-03-20,1409.5899658203125
2012-03-21,1405.52001953125
2012-03-22,1402.8900146484375
2012-03-23,1392.780029296875
2012-03-26,1397.1099853515625
2012-03-27,1416.550048828125
2012-03-28,1412.52001953125
2012-03-29,1405.3900146484375
2012-03-30,1403.31005859375
2012-04-02,1408.469970703125
2012-04-03,1418.97998046875
2012-04-04,1413.0899658203125
2012-04-05,1398.7900390625
2012-04-09,1397.449951171875
2012-04-10,1382.1800537109375
2012-04-11,1358.97998046875
2012-04-12,1368.77001953125
2012-04-13,1387.6099853515625
2012-04-16,1370.27001953125
2012-04-17,1369.5699462890625
2012-04-18,1390.780029296875
2012-04-19,1385.0799560546875
2012-04-20,1376.9599609375
2012-04-23,1378.530029296875
2012-04-24,1366.969970703125
2012-04-25,1372.1099853515625
2012-04-26,1390.6400146484375
2012-04-27,1400.18994140625
2012-04-30,1403.260009765625
2012-05-01,1397.8599853515625
2012-05-02,1405.5
2012-05-03,1402.3199462890625
2012-05-04,1391.510009765625
2012-05-07,1368.7900390625
2012-05-08,1369.1600341796875
2012-05-09,1363.199951171875
2012-05-10,1354.5799560546875
2012-05-11,1358.1099853515625
2012-05-14,1351.9300537109375
2012-05-15,1338.3599853515625
2012-05-16,1330.780029296875
2012-05-17,1324.8199462890625
2012-05-18,1305.050048828125
2012-05-21,1295.72998046875
2012-05-22,1316.0899658203125
2012-05-23,1316.02001953125
2012-05-24,1318.719970703125
2012-05-25,1320.81005859375
2012-05-29,1318.9000244140625
2012-05-30,1331.25
2012-05-31,1313.0899658203125
2012-06-01,1309.8699951171875
2012-06-04,1278.2900390625
2012-06-05,1277.8199462890625
2012-06-06,1285.6099853515625
2012-06-07,1316.1500244140625
2012-06-08,1314.989990234375
2012-06-11,1325.719970703125
2012-06-12,1309.4000244140625
2012-06-13,1324.02001953125
2012-06-14,1314.8800048828125
2012-06-15,1329.18994140625
2012-06-18,1342.4200439453125
2012-06-19,1344.8299560546875
2012-06-20,1358.0400390625
2012-06-21,1355.4300537109375
2012-06-22,1325.9200439453125
2012-06-25,1334.9000244140625
2012-06-26,1314.0899658203125
2012-06-27,1320.7099609375
2012-06-28,1331.52001953125
2012-06-29,1330.1199951171875
2012-07-02,1362.3299560546875
2012-07-03,1365.75
2012-07-05,1373.719970703125
2012-07-06,1367.0899658203125
2012-07-09,1354.6600341796875
2012-07-10,1352.9599609375
2012-07-11,1341.4000244140625
2012-07-12,1341.2900390625
2012-07-13,1334.81005859375
2012-07-16,1356.5
2012-07-17,1353.6800537109375
2012-07-18,1363.5799560546875
2012-07-19,1373.010009765625
2012-07-20,1376.510009765625
2012-07-23,1362.3399658203125
2012-07-24,1350.52001953125
2012-07-25,1338.3499755859375
2012-07-26,1338.1700439453125
2012-07-27,1360.050048828125
2012-07-30,1385.93994140625
2012-07-31,1385.27001953125
2012-08-01,1379.3199462890625
2012-08-02,1375.1300048828125
2012-08-03,1365.449951171875
2012-08-06,1391.0400390625
2012-08-07,1394.4599609375
2012-08-08,1401.22998046875
2012-08-09,1402.260009765625
2012-08-10,1402.5799560546875
2012-08-13,1405.8699951171875
2012-08-14,1404.3599853515625
2012-08-15,1403.8900146484375
2012-08-16,1405.5699462890625
2012-08-17,1415.8399658203125
2012-08-20,1417.8499755859375
2012-08-21,1418.1300048828125
2012-08-22,1413.0899658203125
2012-08-23,1413.489990234375
2012-08-24,1401.989990234375
2012-08-27,1411.1300048828125
2012-08-28,1410.43994140625
2012-08-29,1409.3199462890625
2012-08-30,1410.0799560546875
2012-08-31,1400.0699462890625
2012-09-04,1406.5400390625
2012-09-05,1404.93994140625
2012-09-06,1403.739990234375
2012-09-07,1432.1199951171875
2012-09-10,1437.9200439453125
2012-09-11,1429.1300048828125
2012-09-12,1433.56005859375
2012-09-13,1436.56005859375
2012-09-14,1460.0699462890625
2012-09-17,1465.4200439453125
2012-09-18,1461.18994140625
2012-09-19,1459.5
2012-09-20,1461.050048828125
2012-09-21,1460.3399658203125
2012-09-24,1459.760009765625
2012-09-25,1456.93994140625
2012-09-26,1441.5999755859375
2012-09-27,1433.3599853515625
2012-09-28,1447.1300048828125
2012-10-01,1440.9000244140625
2012-10-02,1444.989990234375
2012-10-03,1446.050048828125
2012-10-04,1451.0799560546875
2012-10-05,1461.4000244140625
2012-10-08,1460.9300537109375
2012-10-09,1455.9000244140625
2012-10-10,1441.47998046875
2012-10-11,1432.8199462890625
2012-10-12,1432.8399658203125
2012-10-15,1428.75
2012-10-16,1440.31005859375
2012-10-17,1454.219970703125
2012-10-18,1460.93994140625
2012-10-19,1457.3399658203125
2012-10-22,1433.2099609375
2012-10-23,1433.739990234375
2012-10-24,1413.199951171875
2012-10-25,1409.739990234375
2012-10-26,1412.969970703125
2012-10-31,1410.989990234375
2012-11-01,1412.199951171875
2012-11-02,1427.5899658203125
2012-11-05,1414.02001953125
2012-11-06,1417.260009765625
2012-11-07,1428.27001953125
2012-11-08,1394.530029296875
2012-11-09,1377.550048828125
2012-11-12,1379.8599853515625
2012-11-13,1380.030029296875
2012-11-14,1374.6400146484375
2012-11-15,1355.4100341796875
2012-11-16,1353.3599853515625
2012-11-19,1359.8800048828125
2012-11-20,1386.8199462890625
2012-11-21,1387.7900390625
2012-11-23,1391.030029296875
2012-11-26,1409.1500244140625
2012-11-27,1406.2900390625
2012-11-28,1398.77001953125
2012-11-29,1409.9599609375
2012-11-30,1415.949951171875
2012-12-03,1416.3399658203125
2012-12-04,1409.4599609375
2012-12-05,1407.050048828125
2012-12-06,1409.4300537109375
2012-12-07,1413.949951171875
2012-12-10,1418.0699462890625
2012-12-11,1418.550048828125
2012-12-12,1427.8399658203125
2012-12-13,1428.47998046875
2012-12-14,1419.449951171875
2012-12-17,1413.5400390625
2012-12-18,1430.469970703125
2012-12-19,1446.7900390625
2012-12-20,1435.81005859375
2012-12-21,1443.6700439453125
2012-12-24,1430.1500244140625
2012-12-26,1426.6600341796875
2012-12-27,1419.8299560546875
2012-12-28,1418.0999755859375
2012-12-31,1402.4300537109375
2013-01-02,1426.18994140625
2013-01-03,1462.4200439453125
2013-01-04,1459.3699951171875
2013-01-07,1466.469970703125
2013-01-08,1461.8900146484375
2013-01-09,1457.1500244140625
2013-01-10,1461.02001953125
2013-01-11,1472.1199951171875
2013-01-14,1472.050048828125
2013-01-15,1470.6700439453125
2013-01-16,1472.3299560546875
2013-01-17,1472.6300048828125
2013-01-18,1480.949951171875
2013-01-22,1485.97998046875
2013-01-23,1492.56005859375
2013-01-24,1494.81005859375
2013-01-25,1494.8199462890625
2013-01-28,1502.9599609375
2013-01-29,1500.1800537109375
2013-01-30,1507.8399658203125
2013-01-31,1501.9599609375
2013-02-01,1498.1099853515625
2013-02-04,1513.1700439453125
2013-02-05,1495.7099609375
2013-02-06,1511.2900390625
2013-02-07,1512.1199951171875
2013-02-08,1509.3900146484375
2013-02-11,1517.9300537109375
2013-02-12,1517.010009765625
2013-02-13,1519.4300537109375
2013-02-14,1520.3299560546875
2013-02-15,1521.3800048828125
2013-02-19,1519.7900390625
2013-02-20,1530.93994140625
2013-02-21,1511.949951171875
2013-02-22,1502.4200439453125
2013-02-25,1515.5999755859375
2013-02-26,1487.8499755859375
2013-02-27,1496.93994140625
2013-02-28,1515.989990234375
2013-03-01,1514.6800537109375
2013-03-04,1518.199951171875
2013-03-05,1525.199951171875
2013-03-06,1539.7900390625
2013-03-07,1541.4599609375
2013-03-08,1544.260009765625
2013-03-11,1551.1500244140625
2013-03-12,1556.219970703125
2013-03-13,1552.47998046875
2013-03-14,1554.52001953125
2013-03-15,1563.2099609375
2013-03-18,1560.699951171875
2013-03-19,1552.0999755859375
2013-03-20,1548.3399658203125
2013-03-21,1558.7099609375
2013-03-22,1545.9000244140625
2013-03-25,1556.8900146484375
2013-03-26,1551.68994140625
2013-03-27,1563.75
2013-03-28,1562.8599853515625
2013-04-01,1569.1800537109375
2013-04-02,1562.1700439453125
2013-04-03,1570.25
2013-04-04,1553.68994140625
2013-04-05,1559.97998046875
2013-04-08,1553.260009765625
2013-04-09,1563.1099853515625
2013-04-10,1568.6099853515625
2013-04-11,1587.72998046875
2013-04-12,1593.300048828125
2013-04-15,1588.8399658203125
2013-04-16,1552.3599853515625
2013-04-17,1574.5699462890625
2013-04-18,1552.030029296875
2013-04-19,1541.6099853515625
2013-04-22,1555.25
2013-04-23,1562.5
2013-04-24,1578.780029296875
2013-04-25,1578.9300537109375
2013-04-26,1585.1600341796875
2013-04-29,1582.3399658203125
2013-04-30,1593.5799560546875
2013-05-01,1597.550048828125
2013-05-02,1582.77001953125
2013-05-03,1597.5999755859375
2013-05-06,1614.4000244140625
2013-05-07,1617.550048828125
2013-05-08,1625.949951171875
2013-05-09,1632.68994140625
2013-05-10,1626.68994140625
2013-05-13,1632.0999755859375
2013-05-14,1633.75
2013-05-15,1649.1300048828125
2013-05-16,1658.0699462890625
2013-05-17,1652.449951171875
2013-05-20,1665.7099609375
2013-05-21,1666.199951171875
2013-05-22,1669.3900146484375
2013-05-23,1651.6199951171875
2013-05-24,1646.6700439453125
2013-05-28,1652.6300048828125
2013-05-29,1656.5699462890625
2013-05-30,1649.1400146484375
2013-05-31,1652.1300048828125
2013-06-03,1631.7099609375
2013-06-04,1640.72998046875
2013-06-05,1629.050048828125
2013-06-06,1609.2900390625
2013-06-07,1625.27001953125
2013-06-10,1644.6700439453125
2013-06-11,1638.6400146484375
2013-06-12,1629.93994140625
2013-06-13,1612.1500244140625
2013-06-14,1635.52001953125
2013-06-17,1630.6400146484375
2013-06-18,1639.77001953125
2013-06-19,1651.8299560546875
2013-06-20,1624.6199951171875
2013-06-21,1588.6199951171875
2013-06-24,1588.77001953125
2013-06-25,1577.52001953125
2013-06-26,1592.27001953125
2013-06-27,1606.43994140625
2013-06-28,1611.1199951171875
2013-07-01,1609.780029296875
2013-07-02,1614.2900390625
2013-07-03,1611.47998046875
2013-07-05,1618.6500244140625
2013-07-08,1634.199951171875
2013-07-09,1642.8900146484375
2013-07-10,1651.56005859375
2013-07-11,1657.4100341796875
2013-07-12,1675.260009765625
2013-07-15,1679.5899658203125
2013-07-16,1682.699951171875
2013-07-17,1677.9100341796875
2013-07-18,1681.050048828125
2013-07-19,1686.1500244140625
2013-07-22,1694.4100341796875
2013-07-23,1696.6300048828125
2013-07-24,1696.06005859375
2013-07-25,1685.2099609375
2013-07-26,1687.31005859375
2013-07-29,1690.3199462890625
2013-07-30,1687.9200439453125
2013-07-31,1687.760009765625
2013-08-01,1689.4200439453125
2013-08-02,1706.0999755859375
2013-08-05,1708.010009765625
2013-08-06,1705.7900390625
2013-08-07,1695.300048828125
2013-08-08,1693.3499755859375
2013-08-09,1696.0999755859375
2013-08-12,1688.3699951171875
2013-08-13,1690.6500244140625
2013-08-14,1693.8800048828125
2013-08-15,1679.6099853515625
2013-08-16,1661.219970703125
2013-08-19,1655.25
2013-08-20,1646.81005859375
2013-08-21,1650.6600341796875
2013-08-22,1645.030029296875
2013-08-23,1659.9200439453125
2013-08-26,1664.2900390625
2013-08-27,1652.5400390625
2013-08-28,1630.25
2013-08-29,1633.5
2013-08-30,1638.8900146484375
2013-09-03,1635.949951171875
2013-09-04,1640.719970703125
2013-09-05,1653.280029296875
2013-09-06,1657.43994140625
2013-09-09,1656.8499755859375
2013-09-10,1675.1099853515625
2013-09-11,1681.0400390625
2013-09-12,1689.2099609375
2013-09-13,1685.0400390625
2013-09-16,1691.699951171875
2013-09-17,1697.72998046875
2013-09-18,1705.739990234375
2013-09-19,1727.3399658203125
2013-09-20,1722.43994140625
2013-09-23,1711.43994140625
2013-09-24,1702.5999755859375
2013-09-25,1698.02001953125
2013-09-26,1694.050048828125
2013-09-27,1695.52001953125
2013-09-30,1687.260009765625
2013-10-01,1682.4100341796875
2013-10-02,1691.9000244140625
2013-10-03,1692.3499755859375
2013-10-04,1678.7900390625
2013-10-07,1687.1500244140625
2013-10-08,1676.219970703125
2013-10-09,1656.989990234375
2013-10-10,1660.8800048828125
2013-10-11,1691.0899658203125
2013-10-14,1699.8599853515625
2013-10-15,1709.1700439453125
2013-10-16,1700.489990234375
2013-10-17,1720.1700439453125
2013-10-18,1736.719970703125
2013-10-21,1745.199951171875
2013-10-22,1746.47998046875
2013-10-23,1752.27001953125
2013-10-24,1747.47998046875
2013-10-25,1756.010009765625
2013-10-28,1759.4200439453125
2013-10-29,1762.9300537109375
2013-10-30,1772.27001953125
2013-10-31,1763.239990234375
2013-11-01,1758.699951171875
2013-11-04,1763.4000244140625
2013-11-05,1765.6700439453125
2013-11-06,1765.0
2013-11-07,1770.739990234375
2013-11-08,1748.3699951171875
2013-11-11,1769.9599609375
2013-11-12,1769.510009765625
2013-11-13,1764.3699951171875
2013-11-14,1782.75
2013-11-15,1790.6600341796875
2013-11-18,1798.8199462890625
2013-11-19,1790.7900390625
2013-11-20,1789.5899658203125
2013-11-21,1783.52001953125
2013-11-22,1797.2099609375
2013-11-25,1806.3299560546875
2013-11-26,1802.8699951171875
2013-11-27,1803.47998046875
2013-11-29,1808.68994140625
2013-12-02,1806.550048828125
2013-12-03,1800.0999755859375
2013-12-04,1793.1500244140625
2013-12-05,1792.8199462890625
2013-12-06,1788.3599853515625
2013-12-09,1806.2099609375
2013-12-10,1807.5999755859375
2013-12-11,1802.760009765625
2013-12-12,1781.7099609375
2013-12-13,1777.97998046875
2013-12-16,1777.47998046875
2013-12-17,1786.469970703125
2013-12-18,1781.4599609375
2013-12-19,1809.0
2013-12-20,1810.3900146484375
2013-12-23,1822.9200439453125
2013-12-24,1828.02001953125
2013-12-26,1834.9599609375
2013-12-27,1842.969970703125
2013-12-30,1841.469970703125
2013-12-31,1842.6099853515625
2014-01-02,1845.8599853515625
2014-01-03,1833.2099609375
2014-01-06,1832.31005859375
2014-01-07,1828.7099609375
2014-01-08,1837.9000244140625
2014-01-09,1839.0
2014-01-10,1840.06005859375
2014-01-13,1841.260009765625
2014-01-14,1821.3599853515625
2014-01-15,1840.52001953125
2014-01-16,1847.989990234375
2014-01-17,1844.22998046875
2014-01-21,1841.050048828125
2014-01-22,1844.7099609375
2014-01-23,1842.2900390625
2014-01-24,1826.9599609375
2014-01-27,1791.030029296875
2014-01-28,1783.0
2014-01-29,1790.1500244140625
2014-01-30,1777.1700439453125
2014-01-31,1790.8800048828125
2014-02-03,1782.6800537109375
2014-02-04,1743.8199462890625
2014-02-05,1753.3800048828125
2014-02-06,1752.989990234375
2014-02-07,1776.010009765625
2014-02-10,1796.199951171875
2014-02-11,1800.449951171875
2014-02-12,1820.1199951171875
2014-02-13,1814.8199462890625
2014-02-14,1828.4599609375
2014-02-18,1839.030029296875
2014-02-19,1838.9000244140625
2014-02-20,1829.239990234375
2014-02-21,1841.0699462890625
2014-02-24,1836.780029296875
2014-02-25,1847.6600341796875
2014-02-26,1845.7900390625
2014-02-27,1844.9000244140625
2014-02-28,1855.1199951171875
2014-03-03,1857.6800537109375
2014-03-04,1849.22998046875
2014-03-05,1874.050048828125
2014-03-06,1874.1800537109375
2014-03-07,1878.52001953125
2014-03-10,1877.8599853515625
2014-03-11,1878.260009765625
2014-03-12,1866.1500244140625
2014-03-13,1869.06005859375
2014-03-14,1845.0699462890625
2014-03-17,1842.81005859375
2014-03-18,1858.9200439453125
2014-03-19,1872.25
2014-03-20,1860.0899658203125
2014-03-21,1874.530029296875
2014-03-24,1867.6700439453125
2014-03-25,1859.47998046875
2014-03-26,1867.0899658203125
2014-03-27,1852.1099853515625
2014-03-28,1850.0699462890625
2014-03-31,1859.1600341796875
2014-04-01,1873.9599609375
2014-04-02,1886.6099853515625
2014-04-03,1891.4300537109375
2014-04-04,1890.25
2014-04-07,1863.9200439453125
2014-04-08,1845.47998046875
2014-04-09,1852.6400146484375
2014-04-10,1872.280029296875
2014-04-11,1830.6500244140625
2014-04-14,1818.1800537109375
2014-04-15,1831.449951171875
2014-04-16,1846.010009765625
2014-04-17,1861.72998046875
2014-04-21,1865.7900390625
2014-04-22,1872.5699462890625
2014-04-23,1879.3199462890625
2014-04-24,1881.969970703125
2014-04-25,1877.719970703125
2014-04-28,1865.0
2014-04-29,1870.780029296875
2014-04-30,1877.0999755859375
2014-05-01,1884.3900146484375
2014-05-02,1885.300048828125
2014-05-05,1879.449951171875
2014-05-06,1883.68994140625
2014-05-07,1868.530029296875
2014-05-08,1877.3900146484375
2014-05-09,1875.27001953125
2014-05-12,1880.030029296875
2014-05-13,1896.75
2014-05-14,1897.1300048828125
2014-05-15,1888.1600341796875
2014-05-16,1871.18994140625
2014-05-19,1876.6600341796875
2014-05-20,1884.8800048828125
2014-05-21,1873.3399658203125
2014-05-22,1888.18994140625
2014-05-23,1893.3199462890625
2014-05-27,1902.010009765625
2014-05-28,1911.77001953125
2014-05-29,1910.5999755859375
2014-05-30,1920.3299560546875
2014-06-02,1923.8699951171875
2014-06-03,1923.0699462890625
2014-06-04,1923.06005859375
2014-06-05,1928.52001953125
2014-06-06,1942.4100341796875
2014-06-09,1948.969970703125
2014-06-10,1950.3399658203125
2014-06-11,1949.3699951171875
2014-06-12,1943.3499755859375
2014-06-13,1930.800048828125
2014-06-16,1934.8399658203125
2014-06-17,1937.1500244140625
2014-06-18,1942.72998046875
2014-06-19,1957.5
2014-06-20,1960.449951171875
2014-06-23,1962.9200439453125
2014-06-24,1961.969970703125
2014-06-25,1949.27001953125
2014-06-26,1959.8900146484375
2014-06-27,1956.56005859375
2014-06-30,1960.7900390625
2014-07-01,1962.2900390625
2014-07-02,1973.06005859375
2014-07-03,1975.8800048828125
2014-07-07,1984.219970703125
2014-07-08,1976.3900146484375
2014-07-09,1965.0999755859375
2014-07-10,1966.6700439453125
2014-07-11,1965.760009765625
2014-07-14,1969.8599853515625
2014-07-15,1977.3599853515625
2014-07-16,1976.3499755859375
2014-07-17,1979.75
2014-07-18,1961.5400390625
2014-07-21,1976.9300537109375
2014-07-22,1975.6500244140625
2014-07-23,1985.3199462890625
2014-07-24,1988.0699462890625
2014-07-25,1984.5999755859375
2014-07-28,1978.25
2014-07-29,1980.030029296875
2014-07-30,1973.2099609375
2014-07-31,1965.1400146484375
2014-08-01,1929.800048828125
2014-08-04,1926.6199951171875
2014-08-05,1936.3399658203125
2014-08-06,1917.2900390625
2014-08-07,1923.030029296875
2014-08-08,1910.3499755859375
2014-08-11,1933.4300537109375
2014-08-12,1935.72998046875
2014-08-13,1935.5999755859375
2014-08-14,1947.4100341796875
2014-08-15,1958.8699951171875
2014-08-18,1958.3599853515625
2014-08-19,1972.72998046875
2014-08-20,1980.4599609375
2014-08-21,1986.8199462890625
2014-08-22,1992.5999755859375
2014-08-25,1991.739990234375
2014-08-26,1998.5899658203125
2014-08-27,2000.5400390625
2014-08-28,1997.4200439453125
2014-08-29,1998.449951171875
2014-09-02,2004.0699462890625
2014-09-03,2003.5699462890625
2014-09-04,2001.6700439453125
2014-09-05,1998.0
2014-09-08,2007.1700439453125
2014-09-09,2000.72998046875
2014-09-10,1988.4100341796875
2014-09-11,1992.8499755859375
2014-09-12,1996.739990234375
2014-09-15,1986.0400390625
2014-09-16,1981.9300537109375
2014-09-17,1999.300048828125
2014-09-18,2003.0699462890625
2014-09-19,2012.739990234375
2014-09-22,2009.0799560546875
2014-09-23,1992.780029296875
2014-09-24,1983.3399658203125
2014-09-25,1997.3199462890625
2014-09-26,1966.219970703125
2014-09-29,1978.9599609375
2014-09-30,1978.2099609375
2014-10-01,1971.43994140625
2014-10-02,1945.8299560546875
2014-10-03,1948.1199951171875
2014-10-06,1970.010009765625
2014-10-07,1962.3599853515625
2014-10-08,1935.550048828125
2014-10-09,1967.6800537109375
2014-10-10,1925.6300048828125
2014-10-13,1905.6500244140625
2014-10-14,1877.1099853515625
2014-10-15,1874.1800537109375
2014-10-16,1855.949951171875
2014-10-17,1864.9100341796875
2014-10-20,1885.6199951171875
2014-10-21,1909.3800048828125
2014-10-22,1941.2900390625
2014-10-23,1931.02001953125
2014-10-24,1951.5899658203125
2014-10-27,1962.969970703125
2014-10-28,1964.1400146484375
2014-10-29,1983.2900390625
2014-10-30,1979.489990234375
2014-10-31,2001.199951171875
2014-11-03,2018.2099609375
2014-11-04,2015.81005859375
2014-11-05,2015.2900390625
2014-11-06,2023.3299560546875
2014-11-07,2032.3599853515625
2014-11-10,2032.010009765625
2014-11-11,2038.199951171875
2014-11-12,2037.75
2014-11-13,2039.2099609375
2014-11-14,2039.739990234375
2014-11-17,2038.2900390625
2014-11-18,2041.47998046875
2014-11-19,2051.159912109375
2014-11-20,2045.8699951171875
2014-11-21,2057.4599609375
2014-11-24,2065.070068359375
2014-11-25,2070.14990234375
2014-11-26,2067.360107421875
2014-11-28,2074.780029296875
2014-12-01,2065.780029296875
2014-12-02,2053.77001953125
2014-12-03,2067.449951171875
2014-12-04,2073.639892578125
2014-12-05,2072.780029296875
2014-12-08,2074.840087890625
2014-12-09,2056.550048828125
2014-12-10,2058.860107421875
2014-12-11,2027.9200439453125
2014-12-12,2030.3599853515625
2014-12-15,2005.030029296875
2014-12-16,1986.7099609375
2014-12-17,1973.77001953125
2014-12-18,2018.97998046875
2014-12-19,2061.0400390625
2014-12-22,2069.280029296875
2014-12-23,2081.47998046875
2014-12-24,2083.25
2014-12-26,2084.300048828125
2014-12-29,2087.6298828125
2014-12-30,2088.489990234375
2014-12-31,2082.110107421875
2015-01-02,2058.89990234375
2015-01-05,2054.43994140625
2015-01-06,2022.1500244140625
2015-01-07,2005.550048828125
2015-01-08,2030.6099853515625
2015-01-09,2063.449951171875
2015-01-12,2046.1300048828125
2015-01-13,2031.5799560546875
2015-01-14,2018.4000244140625
2015-01-15,2013.75
2015-01-16,1992.25
2015-01-20,2020.760009765625
2015-01-21,2020.18994140625
2015-01-22,2034.300048828125
2015-01-23,2062.97998046875
2015-01-26,2050.419921875
2015-01-27,2047.8599853515625
2015-01-28,2032.3399658203125
2015-01-29,2002.449951171875
2015-01-30,2019.3499755859375
2015-02-02,1996.6700439453125
2015-02-03,2022.7099609375
2015-02-04,2048.860107421875
2015-02-05,2043.449951171875
2015-02-06,2062.280029296875
2015-02-09,2053.469970703125
2015-02-10,2049.3798828125
2015-02-11,2068.550048828125
2015-02-12,2069.97998046875
2015-02-13,2088.780029296875
2015-02-17,2096.469970703125
2015-02-18,2099.159912109375
2015-02-19,2099.25
2015-02-20,2097.64990234375
2015-02-23,2109.830078125
2015-02-24,2109.10009765625
2015-02-25,2115.300048828125
2015-02-26,2113.909912109375
2015-02-27,2110.8798828125
2015-03-02,2105.22998046875
2015-03-03,2115.760009765625
2015-03-04,2107.719970703125
2015-03-05,2098.5400390625
2015-03-06,2100.909912109375
2015-03-09,2072.25
2015-03-10,2076.139892578125
2015-03-11,2044.68994140625
2015-03-12,2041.0999755859375
2015-03-13,2064.56005859375
2015-03-16,2055.35009765625
2015-03-17,2080.590087890625
2015-03-18,2072.840087890625
2015-03-19,2098.68994140625
2015-03-20,2090.320068359375
2015-03-23,2107.989990234375
2015-03-24,2103.93994140625
2015-03-25,2093.10009765625
2015-03-26,2059.93994140625
2015-03-27,2055.780029296875
2015-03-30,2064.110107421875
2015-03-31,2084.050048828125
2015-04-01,2067.6298828125
2015-04-02,2060.030029296875
2015-04-06,2064.8701171875
2015-04-07,2080.7900390625
2015-04-08,2076.93994140625
2015-04-09,2081.2900390625
2015-04-10,2091.510009765625
2015-04-13,2102.030029296875
2015-04-14,2092.280029296875
2015-04-15,2097.820068359375
2015-04-16,2105.9599609375
2015-04-17,2102.580078125
2015-04-20,2084.110107421875
2015-04-21,2102.820068359375
2015-04-22,2098.27001953125
2015-04-23,2107.2099609375
2015-04-24,2112.800048828125
2015-04-27,2119.2900390625
2015-04-28,2108.35009765625
2015-04-29,2112.489990234375
2015-04-30,2105.52001953125
2015-05-01,2087.3798828125
2015-05-04,2110.22998046875
2015-05-05,2112.6298828125
2015-05-06,2091.260009765625
2015-05-07,2079.9599609375
2015-05-08,2092.1298828125
2015-05-11,2115.56005859375
2015-05-12,2102.8701171875
2015-05-13,2099.6201171875
2015-05-14,2100.429931640625
2015-05-15,2122.070068359375
2015-05-18,2121.300048828125
2015-05-19,2129.449951171875
2015-05-20,2127.7900390625
2015-05-21,2125.550048828125
2015-05-22,2130.360107421875
2015-05-26,2125.340087890625
2015-05-27,2105.1298828125
2015-05-28,2122.27001953125
2015-05-29,2120.659912109375
2015-06-01,2108.639892578125
2015-06-02,2110.409912109375
2015-06-03,2110.639892578125
2015-06-04,2112.35009765625
2015-06-05,2095.090087890625
2015-06-08,2092.340087890625
2015-06-09,2079.070068359375
2015-06-10,2081.1201171875
2015-06-11,2106.239990234375
2015-06-12,2107.429931640625
2015-06-15,2091.340087890625
2015-06-16,2084.260009765625
2015-06-17,2097.39990234375
2015-06-18,2101.580078125
2015-06-19,2121.06005859375
2015-06-22,2112.5
2015-06-23,2123.159912109375
2015-06-24,2123.64990234375
2015-06-25,2109.9599609375
2015-06-26,2102.6201171875
2015-06-29,2098.6298828125
2015-06-30,2061.18994140625
2015-07-01,2067.0
2015-07-02,2078.030029296875
2015-07-06,2073.949951171875
2015-07-07,2069.52001953125
2015-07-08,2077.659912109375
2015-07-09,2049.72998046875
2015-07-10,2052.739990234375
2015-07-13,2080.030029296875
2015-07-14,2099.719970703125
2015-07-15,2109.010009765625
2015-07-16,2110.550048828125
2015-07-17,2126.800048828125
2015-07-20,2126.85009765625
2015-07-21,2127.550048828125
2015-07-22,2118.2099609375
2015-07-23,2114.159912109375
2015-07-24,2102.239990234375
2015-07-27,2078.18994140625
2015-07-28,2070.75
2015-07-29,2094.699951171875
2015-07-30,2106.780029296875
2015-07-31,2111.60009765625
2015-08-03,2104.489990234375
2015-08-04,2097.679931640625
2015-08-05,2095.27001953125
2015-08-06,2100.75
2015-08-07,2082.610107421875
2015-08-10,2080.97998046875
2015-08-11,2102.659912109375
2015-08-12,2081.10009765625
2015-08-13,2086.18994140625
2015-08-14,2083.14990234375
2015-08-17,2089.699951171875
2015-08-18,2101.989990234375
2015-08-19,2095.68994140625
2015-08-20,2076.610107421875
2015-08-21,2034.0799560546875
2015-08-24,1965.1500244140625
2015-08-25,1898.0799560546875
2015-08-26,1872.75
2015-08-27,1942.77001953125
2015-08-28,1986.06005859375
2015-08-31,1986.72998046875
2015-09-01,1970.0899658203125
2015-09-02,1916.52001953125
2015-09-03,1950.7900390625
2015-09-04,1947.760009765625
2015-09-08,1927.300048828125
2015-09-09,1971.449951171875
2015-09-10,1941.5899658203125
2015-09-11,1951.449951171875
2015-09-14,1963.06005859375
2015-09-15,1955.0999755859375
2015-09-16,1978.02001953125
2015-09-17,1995.3299560546875
2015-09-18,1989.6600341796875
2015-09-21,1960.8399658203125
2015-09-22,1961.3900146484375
2015-09-23,1943.239990234375
2015-09-24,1934.81005859375
2015-09-25,1935.9300537109375
2015-09-28,1929.1800537109375
2015-09-29,1881.9000244140625
2015-09-30,1887.1400146484375
2015-10-01,1919.6500244140625
2015-10-02,1921.77001953125
2015-10-05,1954.3299560546875
2015-10-06,1986.6300048828125
2015-10-07,1982.3399658203125
2015-10-08,1994.010009765625
2015-10-09,2013.72998046875
2015-10-12,2015.6500244140625
2015-10-13,2015.0
2015-10-14,2003.6600341796875
2015-10-15,1996.469970703125
2015-10-16,2024.3699951171875
2015-10-19,2031.72998046875
2015-10-20,2033.1300048828125
2015-10-21,2033.469970703125
2015-10-22,2021.8800048828125
2015-10-23,2058.18994140625
2015-10-26,2075.080078125
2015-10-27,2068.75
2015-10-28,2066.47998046875
2015-10-29,2088.35009765625
2015-10-30,2090.0
2015-11-02,2080.760009765625
2015-11-03,2102.6298828125
2015-11-04,2110.60009765625
2015-11-05,2101.679931640625
2015-11-06,2098.60009765625
2015-11-09,2096.56005859375
2015-11-10,2077.18994140625
2015-11-11,2083.409912109375
2015-11-12,2072.2900390625
2015-11-13,2044.6400146484375
2015-11-16,2022.0799560546875
2015-11-17,2053.669921875
2015-11-18,2051.989990234375
2015-11-19,2083.699951171875
2015-11-20,2082.820068359375
2015-11-23,2089.409912109375
2015-11-24,2084.419921875
2015-11-25,2089.300048828125
2015-11-27,2088.820068359375
2015-11-30,2090.949951171875
2015-12-01,2082.929931640625
2015-12-02,2101.7099609375
2015-12-03,2080.7099609375
2015-12-04,2051.239990234375
2015-12-07,2090.419921875
2015-12-08,2073.389892578125
2015-12-09,2061.169921875
2015-12-10,2047.9300537109375
2015-12-11,2047.27001953125
2015-12-14,2013.3699951171875
2015-12-15,2025.550048828125
2015-12-16,2046.5
2015-12-17,2073.760009765625
2015-12-18,2040.81005859375
2015-12-21,2010.27001953125
2015-12-22,2023.1500244140625
2015-12-23,2042.199951171875
2015-12-24,2063.52001953125
2015-12-28,2057.77001953125
2015-12-29,2060.5400390625
2015-12-30,2077.340087890625
2015-12-31,2060.590087890625
2016-01-04,2038.199951171875
2016-01-05,2013.780029296875
2016-01-06,2011.7099609375
2016-01-07,1985.3199462890625
2016-01-08,1945.969970703125
2016-01-11,1926.1199951171875
2016-01-12,1927.8299560546875
2016-01-13,1940.3399658203125
2016-01-14,1891.6800537109375
2016-01-15,1916.6800537109375
2016-01-19,1888.6600341796875
2016-01-20,1876.1800537109375
2016-01-21,1861.4599609375
2016-01-22,1877.4000244140625
2016-01-25,1906.280029296875
2016-01-26,1878.7900390625
2016-01-27,1902.52001953125
2016-01-28,1885.219970703125
2016-01-29,1894.0
2016-02-01,1936.93994140625
2016-02-02,1935.260009765625
2016-02-03,1907.0699462890625
2016-02-04,1911.6700439453125
2016-02-05,1913.0699462890625
2016-02-08,1873.25
2016-02-09,1848.4599609375
2016-02-10,1857.0999755859375
2016-02-11,1847.0
2016-02-12,1833.4000244140625
2016-02-16,1871.43994140625
2016-02-17,1898.800048828125
2016-02-18,1927.5699462890625
2016-02-19,1916.739990234375
2016-02-22,1924.43994140625
2016-02-23,1942.3800048828125
2016-02-24,1917.56005859375
2016-02-25,1931.8699951171875
2016-02-26,1954.949951171875
2016-02-29,1947.1300048828125
2016-03-01,1937.0899658203125
2016-03-02,1976.5999755859375
2016-03-03,1985.5999755859375
2016-03-04,1994.010009765625
2016-03-07,1996.1099853515625
2016-03-08,1996.8800048828125
2016-03-09,1981.43994140625
2016-03-10,1990.969970703125
2016-03-11,1994.7099609375
2016-03-14,2019.27001953125
2016-03-15,2015.27001953125
2016-03-16,2014.239990234375
2016-03-17,2026.9000244140625
2016-03-18,2041.1600341796875
2016-03-21,2047.8800048828125
2016-03-22,2048.639892578125
2016-03-23,2048.550048828125
2016-03-24,2032.47998046875
2016-03-28,2037.8900146484375
2016-03-29,2035.75
2016-03-30,2058.27001953125
2016-03-31,2063.77001953125
2016-04-01,2056.6201171875
2016-04-04,2073.18994140625
2016-04-05,2062.5
2016-04-06,2045.56005859375
2016-04-07,2063.010009765625
2016-04-08,2045.5400390625
2016-04-11,2050.22998046875
2016-04-12,2043.719970703125
2016-04-13,2065.919921875
2016-04-14,2082.889892578125
2016-04-15,2083.10009765625
2016-04-18,2078.830078125
2016-04-19,2096.050048828125
2016-04-20,2101.52001953125
2016-04-21,2102.090087890625
2016-04-22,2091.489990234375
2016-04-25,2089.3701171875
2016-04-26,2089.840087890625
2016-04-27,2092.330078125
2016-04-28,2090.929931640625
2016-04-29,2071.820068359375
2016-05-02,2067.169921875
2016-05-03,2077.179931640625
2016-05-04,2060.300048828125
2016-05-05,2052.949951171875
2016-05-06,2047.77001953125
2016-05-09,2057.550048828125
2016-05-10,2062.6298828125
2016-05-11,2083.2900390625
2016-05-12,2067.169921875
2016-05-13,2062.5
2016-05-16,2046.530029296875
2016-05-17,2065.0400390625
2016-05-18,2044.3800048828125
2016-05-19,2044.2099609375
2016-05-20,2041.8800048828125
2016-05-23,2052.22998046875
2016-05-24,2052.64990234375
2016-05-25,2078.929931640625
2016-05-26,2091.43994140625
2016-05-27,2090.06005859375
2016-05-31,2100.1298828125
2016-06-01,2093.93994140625
2016-06-02,2097.7099609375
2016-06-03,2104.070068359375
2016-06-06,2100.830078125
2016-06-07,2110.179931640625
2016-06-08,2112.7099609375
2016-06-09,2115.64990234375
2016-06-10,2109.570068359375
2016-06-13,2091.75
2016-06-14,2076.64990234375
2016-06-15,2077.60009765625
2016-06-16,2066.360107421875
2016-06-17,2078.199951171875
2016-06-20,2075.580078125
2016-06-21,2085.18994140625
2016-06-22,2089.75
2016-06-23,2092.800048828125
2016-06-24,2103.81005859375
2016-06-27,2031.449951171875
2016-06-28,2006.6700439453125
2016-06-29,2042.68994140625
2016-06-30,2073.169921875
2016-07-01,2099.340087890625
2016-07-05,2095.050048828125
2016-07-06,2084.429931640625
2016-07-07,2100.419921875
2016-07-08,2106.969970703125
2016-07-11,2131.719970703125
2016-07-12,2139.5
2016-07-13,2153.81005859375
2016-07-14,2157.8798828125
2016-07-15,2165.1298828125
2016-07-18,2162.0400390625
2016-07-19,2163.7900390625
2016-07-20,2166.10009765625
2016-07-21,2172.909912109375
2016-07-22,2166.469970703125
2016-07-25,2173.7099609375
2016-07-26,2168.969970703125
2016-07-27,2169.81005859375
2016-07-28,2166.050048828125
2016-07-29,2168.830078125
2016-08-01,2173.14990234375
2016-08-02,2169.93994140625
2016-08-03,2156.81005859375
2016-08-04,2163.510009765625
2016-08-05,2168.7900390625
2016-08-08,2183.760009765625
2016-08-09,2182.239990234375
2016-08-10,2182.81005859375
2016-08-11,2177.969970703125
2016-08-12,2183.739990234375
2016-08-15,2186.080078125
2016-08-16,2186.239990234375
2016-08-17,2177.840087890625
2016-08-18,2181.89990234375
2016-08-19,2184.239990234375
2016-08-22,2181.580078125
2016-08-23,2187.81005859375
2016-08-24,2185.090087890625
2016-08-25,2173.2900390625
2016-08-26,2175.10009765625
2016-08-29,2170.18994140625
2016-08-30,2179.449951171875
2016-08-31,2173.56005859375
2016-09-01,2171.330078125
2016-09-02,2177.489990234375
2016-09-06,2181.610107421875
2016-09-07,2185.169921875
2016-09-08,2182.760009765625
2016-09-09,2169.080078125
2016-09-12,2120.860107421875
2016-09-13,2150.469970703125
2016-09-14,2127.860107421875
2016-09-15,2125.360107421875
2016-09-16,2146.47998046875
2016-09-19,2143.989990234375
2016-09-20,2145.93994140625
2016-09-21,2144.580078125
2016-09-22,2170.93994140625
2016-09-23,2173.2900390625
2016-09-26,2158.5400390625
2016-09-27,2146.0400390625
2016-09-28,2161.85009765625
2016-09-29,2168.89990234375
2016-09-30,2156.510009765625
2016-10-03,2164.330078125
2016-10-04,2163.3701171875
2016-10-05,2155.14990234375
2016-10-06,2158.219970703125
2016-10-07,2164.18994140625
2016-10-10,2160.389892578125
2016-10-11,2161.35009765625
2016-10-12,2137.669921875
2016-10-13,2130.260009765625
2016-10-14,2139.679931640625
2016-10-17,2132.949951171875
2016-10-18,2138.31005859375
2016-10-19,2140.81005859375
2016-10-20,2142.510009765625
2016-10-21,2139.429931640625
2016-10-24,2148.5
2016-10-25,2149.719970703125
2016-10-26,2136.969970703125
2016-10-27,2144.06005859375
2016-10-28,2132.22998046875
2016-10-31,2129.780029296875
2016-11-01,2128.679931640625
2016-11-02,2109.429931640625
2016-11-03,2098.800048828125
2016-11-04,2083.7900390625
2016-11-07,2100.590087890625
2016-11-08,2129.919921875
2016-11-09,2131.56005859375
2016-11-10,2167.489990234375
2016-11-11,2162.7099609375
2016-11-14,2165.639892578125
2016-11-15,2168.2900390625
2016-11-16,2177.530029296875
2016-11-17,2178.610107421875
2016-11-18,2186.85009765625
2016-11-21,2186.429931640625
2016-11-22,2201.56005859375
2016-11-23,2198.550048828125
2016-11-25,2206.27001953125
2016-11-28,2210.2099609375
2016-11-29,2200.760009765625
2016-11-30,2204.969970703125
2016-12-01,2200.169921875
2016-12-02,2191.1201171875
2016-12-05,2200.64990234375
2016-12-06,2207.260009765625
2016-12-07,2210.719970703125
2016-12-08,2241.1298828125
2016-12-09,2249.72998046875
2016-12-12,2258.830078125
2016-12-13,2263.320068359375
2016-12-14,2268.35009765625
2016-12-15,2253.77001953125
2016-12-16,2266.81005859375
2016-12-19,2259.239990234375
2016-12-20,2266.5
2016-12-21,2270.5400390625
2016-12-22,2262.929931640625
2016-12-23,2260.25
2016-12-27,2266.22998046875
2016-12-28,2270.22998046875
2016-12-29,2249.5
2016-12-30,2251.610107421875
2017-01-03,2251.570068359375
2017-01-04,2261.60009765625
2017-01-05,2268.179931640625
2017-01-06,2271.139892578125
2017-01-09,2273.590087890625
2017-01-10,2269.719970703125
2017-01-11,2268.60009765625
2017-01-12,2271.139892578125
2017-01-13,2272.739990234375
2017-01-17,2269.139892578125
2017-01-18,2269.139892578125
2017-01-19,2271.89990234375
2017-01-20,2269.9599609375
2017-01-23,2267.780029296875
2017-01-24,2267.8798828125
2017-01-25,2288.8798828125
2017-01-26,2298.6298828125
2017-01-27,2299.02001953125
2017-01-30,2286.010009765625
2017-01-31,2274.02001953125
2017-02-01,2285.590087890625
2017-02-02,2276.68994140625
2017-02-03,2288.5400390625
2017-02-06,2294.280029296875
2017-02-07,2295.8701171875
2017-02-08,2289.550048828125
2017-02-09,2296.699951171875
2017-02-10,2312.27001953125
2017-02-13,2321.719970703125
2017-02-14,2326.1201171875
2017-02-15,2335.580078125
2017-02-16,2349.639892578125
2017-02-17,2343.010009765625
2017-02-21,2354.909912109375
2017-02-22,2361.110107421875
2017-02-23,2367.5
2017-02-24,2355.72998046875
2017-02-27,2365.22998046875
2017-02-28,2366.080078125
2017-03-01,2380.1298828125
2017-03-02,2394.75
2017-03-03,2380.919921875
2017-03-06,2375.22998046875
2017-03-07,2370.739990234375
2017-03-08,2369.81005859375
2017-03-09,2363.489990234375
2017-03-10,2372.52001953125
2017-03-13,2371.56005859375
2017-03-14,2368.550048828125
2017-03-15,2370.340087890625
2017-03-16,2387.7099609375
2017-03-17,2383.7099609375
2017-03-20,2378.239990234375
2017-03-21,2379.320068359375
2017-03-22,2343.0
2017-03-23,2345.969970703125
2017-03-24,2350.419921875
2017-03-27,2329.110107421875
2017-03-28,2339.7900390625
2017-03-29,2356.5400390625
2017-03-30,2361.31005859375
2017-03-31,2364.820068359375
2017-04-03,2362.340087890625
2017-04-04,2354.760009765625
2017-04-05,2366.590087890625
2017-04-06,2353.7900390625
2017-04-07,2356.590087890625
2017-04-10,2357.159912109375
2017-04-11,2353.919921875
2017-04-12,2352.14990234375
2017-04-13,2341.97998046875
2017-04-17,2332.6201171875
2017-04-18,2342.530029296875
2017-04-19,2346.7900390625
2017-04-20,2342.68994140625
2017-04-21,2354.739990234375
2017-04-24,2370.330078125
2017-04-25,2381.510009765625
2017-04-26,2388.97998046875
2017-04-27,2389.699951171875
2017-04-28,2393.679931640625
2017-05-01,2388.5
2017-05-02,2391.050048828125
2017-05-03,2386.5
2017-05-04,2389.7900390625
2017-05-05,2392.3701171875
2017-05-08,2399.93994140625
2017-05-09,2401.580078125
2017-05-10,2396.7900390625
2017-05-11,2394.840087890625
2017-05-12,2392.43994140625
2017-05-15,2393.97998046875
2017-05-16,2404.550048828125
2017-05-17,2382.949951171875
2017-05-18,2354.68994140625
2017-05-19,2371.3701171875
2017-05-22,2387.2099609375
2017-05-23,2397.0400390625
2017-05-24,2401.409912109375
2017-05-25,2409.5400390625
2017-05-26,2414.5
2017-05-30,2411.669921875
2017-05-31,2415.6298828125
2017-06-01,2415.64990234375
2017-06-02,2431.280029296875
2017-06-05,2437.830078125
2017-06-06,2431.919921875
2017-06-07,2432.030029296875
2017-06-08,2434.27001953125
2017-06-09,2436.389892578125
2017-06-12,2425.8798828125
2017-06-13,2434.14990234375
2017-06-14,2443.75
2017-06-15,2424.139892578125
2017-06-16,2431.239990234375
2017-06-19,2442.550048828125
2017-06-20,2450.659912109375
2017-06-21,2439.31005859375
2017-06-22,2437.39990234375
2017-06-23,2434.64990234375
2017-06-26,2443.320068359375
2017-06-27,2436.340087890625
2017-06-28,2428.699951171875
2017-06-29,2442.3798828125
2017-06-30,2429.199951171875
2017-07-03,2431.389892578125
2017-07-05,2430.780029296875
2017-07-06,2423.43994140625
2017-07-07,2413.52001953125
2017-07-10,2424.510009765625
2017-07-11,2427.35009765625
2017-07-12,2435.75
2017-07-13,2444.989990234375
2017-07-14,2449.159912109375
2017-07-17,2459.5
2017-07-18,2455.8798828125
2017-07-19,2463.85009765625
2017-07-20,2475.56005859375
2017-07-21,2467.39990234375
2017-07-24,2472.0400390625
2017-07-25,2477.8798828125
2017-07-26,2479.969970703125
2017-07-27,2482.760009765625
2017-07-28,2469.1201171875
2017-07-31,2475.93994140625
2017-08-01,2477.10009765625
2017-08-02,2480.3798828125
2017-08-03,2476.030029296875
2017-08-04,2476.8798828125
2017-08-07,2477.139892578125
2017-08-08,2478.35009765625
2017-08-09,2465.35009765625
2017-08-10,2465.3798828125
2017-08-11,2441.0400390625
2017-08-14,2454.9599609375
2017-08-15,2468.659912109375
2017-08-16,2468.6298828125
2017-08-17,2462.949951171875
2017-08-18,2427.639892578125
2017-08-21,2425.5
2017-08-22,2433.75
2017-08-23,2444.8798828125
2017-08-24,2447.909912109375
2017-08-25,2444.719970703125
2017-08-28,2447.35009765625
2017-08-29,2431.93994140625
2017-08-30,2446.06005859375
2017-08-31,2462.64990234375
2017-09-01,2474.419921875
2017-09-05,2470.35009765625
2017-09-06,2463.830078125
2017-09-07,2468.06005859375
2017-09-08,2462.25
2017-09-11,2474.52001953125
2017-09-12,2491.93994140625
2017-09-13,2493.889892578125
2017-09-14,2494.56005859375
2017-09-15,2495.669921875
2017-09-18,2502.510009765625
2017-09-19,2506.2900390625
2017-09-20,2506.840087890625
2017-09-21,2507.159912109375
2017-09-22,2497.260009765625
2017-09-25,2499.389892578125
2017-09-26,2501.0400390625
2017-09-27,2503.300048828125
2017-09-28,2503.409912109375
2017-09-29,2509.9599609375
2017-10-02,2521.199951171875
2017-10-03,2530.340087890625
2017-10-04,2533.47998046875
2017-10-05,2540.860107421875
2017-10-06,2547.43994140625
2017-10-09,2551.389892578125
2017-10-10,2549.989990234375
2017-10-11,2550.6201171875
2017-10-12,2552.8798828125
2017-10-13,2555.659912109375
2017-10-16,2555.570068359375
2017-10-17,2557.169921875
2017-10-18,2562.8701171875
2017-10-19,2553.389892578125
2017-10-20,2567.56005859375
2017-10-23,2578.080078125
2017-10-24,2568.659912109375
2017-10-25,2566.52001953125
2017-10-26,2560.080078125
2017-10-27,2570.260009765625
2017-10-30,2577.75
2017-10-31,2575.989990234375
2017-11-01,2583.2099609375
2017-11-02,2579.4599609375
2017-11-03,2581.929931640625
2017-11-06,2587.469970703125
2017-11-07,2592.110107421875
2017-11-08,2588.7099609375
2017-11-09,2584.0
2017-11-10,2580.179931640625
2017-11-13,2576.530029296875
2017-11-14,2577.75
2017-11-15,2569.449951171875
2017-11-16,2572.949951171875
2017-11-17,2582.93994140625
2017-11-20,2579.489990234375
2017-11-21,2589.169921875
2017-11-22,2600.31005859375
2017-11-24,2600.419921875
2017-11-27,2602.659912109375
2017-11-28,2605.93994140625
2017-11-29,2627.820068359375
2017-11-30,2633.929931640625
2017-12-01,2645.10009765625
2017-12-04,2657.18994140625
2017-12-05,2639.780029296875
2017-12-06,2626.239990234375
2017-12-07,2628.3798828125
2017-12-08,2646.2099609375
2017-12-11,2652.18994140625
2017-12-12,2661.72998046875
2017-12-13,2667.590087890625
2017-12-14,2665.8701171875
2017-12-15,2660.6298828125
2017-12-18,2685.919921875
2017-12-19,2692.7099609375
2017-12-20,2688.179931640625
2017-12-21,2683.02001953125
2017-12-22,2684.219970703125
2017-12-26,2679.090087890625
2017-12-27,2682.10009765625
2017-12-28,2686.10009765625
2017-12-29,2689.14990234375
2018-01-02,2683.72998046875
2018-01-03,2697.85009765625
2018-01-04,2719.31005859375
2018-01-05,2731.330078125
2018-01-08,2742.669921875
2018-01-09,2751.14990234375
2018-01-10,2745.550048828125
2018-01-11,2752.969970703125
2018-01-12,2770.179931640625
2018-01-16,2798.9599609375
2018-01-17,2784.989990234375
2018-01-18,2802.39990234375
2018-01-19,2802.60009765625
2018-01-22,2809.159912109375
2018-01-23,2835.050048828125
2018-01-24,2845.419921875
2018-01-25,2846.239990234375
2018-01-26,2847.47998046875
2018-01-29,2867.22998046875
2018-01-30,2832.739990234375
2018-01-31,2832.409912109375
2018-02-01,2816.449951171875
2018-02-02,2808.919921875
2018-02-05,2741.06005859375
2018-02-06,2614.780029296875
2018-02-07,2690.949951171875
2018-02-08,2685.010009765625
2018-02-09,2601.780029296875
2018-02-12,2636.75
2018-02-13,2646.27001953125
2018-02-14,2651.2099609375
2018-02-15,2713.4599609375
2018-02-16,2727.139892578125
2018-02-20,2722.989990234375
2018-02-21,2720.530029296875
2018-02-22,2710.419921875
2018-02-23,2715.800048828125
2018-02-26,2757.3701171875
2018-02-27,2780.449951171875
2018-02-28,2753.780029296875
2018-03-01,2715.219970703125
2018-03-02,2658.889892578125
2018-03-05,2681.06005859375
2018-03-06,2730.179931640625
2018-03-07,2710.179931640625
2018-03-08,2732.75
2018-03-09,2752.909912109375
2018-03-12,2790.5400390625
2018-03-13,2792.31005859375
2018-03-14,2774.06005859375
2018-03-15,2754.27001953125
2018-03-16,2750.570068359375
2018-03-19,2741.3798828125
2018-03-20,2715.050048828125
2018-03-21,2714.989990234375
2018-03-22,2691.360107421875
2018-03-23,2646.7099609375
2018-03-26,2619.35009765625
2018-03-27,2667.570068359375
2018-03-28,2611.300048828125
2018-03-29,2614.409912109375
2018-04-02,2633.449951171875
2018-04-03,2592.169921875
2018-04-04,2584.0400390625
2018-04-05,2657.360107421875
2018-04-06,2645.820068359375
2018-04-09,2617.179931640625
2018-04-10,2638.409912109375
2018-04-11,2643.889892578125
2018-04-12,2653.830078125
2018-04-13,2676.89990234375
2018-04-16,2670.10009765625
2018-04-17,2692.739990234375
2018-04-18,2710.110107421875
2018-04-19,2701.159912109375
2018-04-20,2692.56005859375
2018-04-23,2675.39990234375
2018-04-24,2680.800048828125
2018-04-25,2634.919921875
2018-04-26,2651.64990234375
2018-04-27,2675.469970703125
2018-04-30,2682.510009765625
2018-05-01,2642.9599609375
2018-05-02,2654.239990234375
2018-05-03,2628.080078125
2018-05-04,2621.449951171875
2018-05-07,2680.340087890625
2018-05-08,2670.260009765625
2018-05-09,2678.1201171875
2018-05-10,2705.02001953125
2018-05-11,2722.699951171875
2018-05-14,2738.469970703125
2018-05-15,2718.590087890625
2018-05-16,2712.6201171875
2018-05-17,2719.7099609375
2018-05-18,2717.35009765625
2018-05-21,2735.389892578125
2018-05-22,2738.340087890625
2018-05-23,2713.97998046875
2018-05-24,2730.93994140625
2018-05-25,2723.60009765625
2018-05-29,2705.110107421875
2018-05-30,2702.429931640625
2018-05-31,2720.97998046875
2018-06-01,2718.699951171875
2018-06-04,2741.669921875
2018-06-05,2748.4599609375
2018-06-06,2753.25
2018-06-07,2774.840087890625
2018-06-08,2765.840087890625
2018-06-11,2780.179931640625
2018-06-12,2785.60009765625
2018-06-13,2787.93994140625
2018-06-14,2783.2099609375
2018-06-15,2777.780029296875
2018-06-18,2765.7900390625
2018-06-19,2752.010009765625
2018-06-20,2769.72998046875
2018-06-21,2769.280029296875
2018-06-22,2760.7900390625
2018-06-25,2742.93994140625
2018-06-26,2722.1201171875
2018-06-27,2728.449951171875
2018-06-28,2698.68994140625
2018-06-29,2727.1298828125
2018-07-02,2704.949951171875
2018-07-03,2733.27001953125
2018-07-05,2724.18994140625
2018-07-06,2737.679931640625
2018-07-09,2775.6201171875
2018-07-10,2788.56005859375
2018-07-11,2779.820068359375
2018-07-12,2783.139892578125
2018-07-13,2796.929931640625
2018-07-16,2797.360107421875
2018-07-17,2789.340087890625
2018-07-18,2811.35009765625
2018-07-19,2809.3701171875
2018-07-20,2804.550048828125
2018-07-23,2799.169921875
2018-07-24,2820.679931640625
2018-07-25,2817.72998046875
2018-07-26,2835.489990234375
2018-07-27,2842.35009765625
2018-07-30,2819.0
2018-07-31,2809.72998046875
2018-08-01,2821.169921875
2018-08-02,2800.47998046875
2018-08-03,2829.6201171875
2018-08-06,2840.2900390625
2018-08-07,2855.919921875
2018-08-08,2856.7900390625
2018-08-09,2857.18994140625
2018-08-10,2838.89990234375
2018-08-13,2835.4599609375
2018-08-14,2827.8798828125
2018-08-15,2827.949951171875
2018-08-16,2831.43994140625
2018-08-17,2838.320068359375
2018-08-20,2853.929931640625
2018-08-21,2861.510009765625
2018-08-22,2860.989990234375
2018-08-23,2860.2900390625
2018-08-24,2862.35009765625
2018-08-27,2884.68994140625
2018-08-28,2901.449951171875
2018-08-29,2900.6201171875
2018-08-30,2908.93994140625
2018-08-31,2898.3701171875
2018-09-04,2896.9599609375
2018-09-05,2891.590087890625
2018-09-06,2888.639892578125
2018-09-07,2868.260009765625
2018-09-10,2881.389892578125
2018-09-11,2871.570068359375
2018-09-12,2888.2900390625
2018-09-13,2896.85009765625
2018-09-14,2906.3798828125
2018-09-17,2903.830078125
2018-09-18,2890.739990234375
2018-09-19,2906.60009765625
2018-09-20,2919.72998046875
2018-09-21,2936.760009765625
2018-09-24,2921.830078125
2018-09-25,2921.75
2018-09-26,2916.97998046875
2018-09-27,2911.64990234375
2018-09-28,2910.030029296875
2018-10-01,2926.2900390625
2018-10-02,2923.800048828125
2018-10-03,2931.68994140625
2018-10-04,2919.35009765625
2018-10-05,2902.5400390625
2018-10-08,2877.530029296875
2018-10-09,2882.510009765625
2018-10-10,2873.89990234375
2018-10-11,2776.8701171875
2018-10-12,2770.5400390625
2018-10-15,2763.830078125
2018-10-16,2767.050048828125
2018-10-17,2811.669921875
2018-10-18,2802.0
2018-10-19,2775.659912109375
2018-10-22,2773.93994140625
2018-10-23,2721.030029296875
2018-10-24,2737.8701171875
2018-10-25,2674.8798828125
2018-10-26,2667.860107421875
2018-10-29,2682.64990234375
2018-10-30,2640.679931640625
2018-10-31,2705.60009765625
2018-11-01,2717.580078125
2018-11-02,2745.449951171875
2018-11-05,2726.3701171875
2018-11-06,2738.39990234375
2018-11-07,2774.1298828125
2018-11-08,2806.3798828125
2018-11-09,2794.10009765625
2018-11-12,2773.929931640625
2018-11-13,2730.050048828125
2018-11-14,2737.89990234375
2018-11-15,2693.52001953125
2018-11-16,2718.5400390625
2018-11-19,2730.739990234375
2018-11-20,2654.60009765625
2018-11-21,2657.739990234375
2018-11-23,2633.360107421875
2018-11-26,2649.969970703125
2018-11-27,2663.75
2018-11-28,2691.449951171875
2018-11-29,2736.969970703125
2018-11-30,2737.760009765625
2018-12-03,2790.5
2018-12-04,2782.429931640625
2018-12-06,2663.510009765625
2018-12-07,2691.260009765625
2018-12-10,2630.860107421875
2018-12-11,2664.43994140625
2018-12-12,2658.22998046875
2018-12-13,2658.699951171875
2018-12-14,2629.679931640625
2018-12-17,2590.75
2018-12-18,2559.89990234375
2018-12-19,2547.050048828125
2018-12-20,2496.77001953125
2018-12-21,2465.3798828125
2018-12-24,2400.56005859375
2018-12-26,2363.1201171875
2018-12-27,2442.5
2018-12-28,2498.77001953125
2018-12-31,2498.93994140625
2019-01-02,2476.9599609375
2019-01-03,2491.919921875
2019-01-04,2474.330078125
2019-01-07,2535.610107421875
2019-01-08,2568.110107421875
2019-01-09,2580.0
2019-01-10,2573.510009765625
2019-01-11,2588.110107421875
2019-01-14,2580.31005859375
2019-01-15,2585.10009765625
2019-01-16,2614.75
2019-01-17,2609.280029296875
2019-01-18,2651.27001953125
2019-01-22,2657.8798828125
2019-01-23,2643.47998046875
2019-01-24,2638.840087890625
2019-01-25,2657.43994140625
2019-01-28,2644.969970703125
2019-01-29,2644.889892578125
2019-01-30,2653.6201171875
2019-01-31,2685.489990234375
2019-02-01,2702.320068359375
2019-02-04,2706.489990234375
2019-02-05,2728.340087890625
2019-02-06,2735.050048828125
2019-02-07,2717.530029296875
2019-02-08,2692.360107421875
2019-02-11,2712.39990234375
2019-02-12,2722.610107421875
2019-02-13,2750.300048828125
2019-02-14,2743.5
2019-02-15,2760.239990234375
2019-02-19,2769.280029296875
2019-02-20,2779.050048828125
2019-02-21,2780.239990234375
2019-02-22,2780.669921875
2019-02-25,2804.35009765625
2019-02-26,2792.360107421875
2019-02-27,2787.5
2019-02-28,2788.110107421875
2019-03-01,2798.219970703125
2019-03-04,2814.3701171875
2019-03-05,2794.409912109375
2019-03-06,2790.27001953125
2019-03-07,2766.530029296875
2019-03-08,2730.7900390625
2019-03-11,2747.610107421875
2019-03-12,2787.340087890625
2019-03-13,2799.780029296875
2019-03-14,2810.3798828125
2019-03-15,2810.7900390625
2019-03-18,2822.610107421875
2019-03-19,2840.760009765625
2019-03-20,2831.340087890625
2019-03-21,2819.719970703125
2019-03-22,2844.52001953125
2019-03-25,2796.010009765625
2019-03-26,2812.659912109375
2019-03-27,2819.719970703125
2019-03-28,2809.39990234375
2019-03-29,2828.27001953125
2019-04-01,2848.6298828125
2019-04-02,2868.239990234375
2019-04-03,2876.090087890625
2019-04-04,2873.989990234375
2019-04-05,2884.159912109375
2019-04-08,2888.4599609375
2019-04-09,2886.580078125
2019-04-10,2881.3701171875
2019-04-11,2891.919921875
2019-04-12,2900.860107421875
2019-04-15,2908.320068359375
2019-04-16,2912.260009765625
2019-04-17,2916.0400390625
2019-04-18,2904.81005859375
2019-04-22,2898.780029296875
2019-04-23,2909.989990234375
2019-04-24,2934.0
2019-04-25,2928.989990234375
2019-04-26,2925.81005859375
2019-04-29,2940.580078125
2019-04-30,2937.139892578125
2019-05-01,2952.330078125
2019-05-02,2922.159912109375
2019-05-03,2929.2099609375
2019-05-06,2908.889892578125
2019-05-07,2913.030029296875
2019-05-08,2879.610107421875
2019-05-09,2859.840087890625
2019-05-10,2863.10009765625
2019-05-13,2840.18994140625
2019-05-14,2820.1201171875
2019-05-15,2820.3798828125
2019-05-16,2855.800048828125
2019-05-17,2858.60009765625
2019-05-20,2841.93994140625
2019-05-21,2854.02001953125
2019-05-22,2856.06005859375
2019-05-23,2836.699951171875
2019-05-24,2832.409912109375
2019-05-28,2830.030029296875
2019-05-29,2790.25
2019-05-30,2786.93994140625
2019-05-31,2766.14990234375
2019-06-03,2751.530029296875
2019-06-04,2762.639892578125
2019-06-05,2818.090087890625
2019-06-06,2828.510009765625
2019-06-07,2852.8701171875
2019-06-10,2885.830078125
2019-06-11,2903.27001953125
2019-06-12,2882.72998046875
2019-06-13,2886.239990234375
2019-06-14,2886.820068359375
2019-06-17,2889.75
2019-06-18,2906.7099609375
2019-06-19,2920.550048828125
2019-06-20,2949.60009765625
2019-06-21,2952.7099609375
2019-06-24,2951.419921875
2019-06-25,2945.780029296875
2019-06-26,2926.070068359375
2019-06-27,2919.659912109375
2019-06-28,2932.93994140625
2019-07-01,2971.409912109375
2019-07-02,2964.659912109375
2019-07-03,2978.080078125
2019-07-05,2984.25
2019-07-08,2979.77001953125
2019-07-09,2965.52001953125
2019-07-10,2989.300048828125
2019-07-11,2999.6201171875
2019-07-12,3003.360107421875
2019-07-15,3017.800048828125
2019-07-16,3012.1298828125
2019-07-17,3005.10009765625
2019-07-18,2978.8701171875
2019-07-19,3004.260009765625
2019-07-22,2981.929931640625
2019-07-23,2994.739990234375
2019-07-24,2998.77001953125
2019-07-25,3016.260009765625
2019-07-26,3013.25
2019-07-29,3024.469970703125
2019-07-30,3007.659912109375
2019-07-31,3016.219970703125
2019-08-01,2980.320068359375
2019-08-02,2943.89990234375
2019-08-05,2898.070068359375
2019-08-06,2861.179931640625
2019-08-07,2858.64990234375
2019-08-08,2896.2099609375
2019-08-09,2930.510009765625
2019-08-12,2907.070068359375
2019-08-13,2880.719970703125
2019-08-14,2894.14990234375
2019-08-15,2846.199951171875
2019-08-16,2864.739990234375
2019-08-19,2913.47998046875
2019-08-20,2919.010009765625
2019-08-21,2922.0400390625
2019-08-22,2930.93994140625
2019-08-23,2911.070068359375
2019-08-26,2866.699951171875
2019-08-27,2893.139892578125
2019-08-28,2861.280029296875
2019-08-29,2910.3701171875
2019-08-30,2937.090087890625
2019-09-03,2909.010009765625
2019-09-04,2924.669921875
2019-09-05,2960.60009765625
2019-09-06,2980.330078125
2019-09-09,2988.429931640625
2019-09-10,2971.010009765625
2019-09-11,2981.409912109375
2019-09-12,3009.080078125
2019-09-13,3012.2099609375
2019-09-16,2996.409912109375
2019-09-17,2995.669921875
2019-09-18,3001.5
2019-09-19,3010.360107421875
2019-09-20,3008.419921875
2019-09-23,2983.5
2019-09-24,3002.429931640625
2019-09-25,2968.35009765625
2019-09-26,2985.72998046875
2019-09-27,2985.469970703125
2019-09-30,2967.070068359375
2019-10-01,2983.68994140625
2019-10-02,2924.780029296875
2019-10-03,2885.3798828125
2019-10-04,2918.56005859375
2019-10-07,2944.22998046875
2019-10-08,2920.39990234375
2019-10-09,2911.10009765625
2019-10-10,2918.550048828125
2019-10-11,2963.070068359375
2019-10-14,2965.81005859375
2019-10-15,2973.610107421875
2019-10-16,2989.679931640625
2019-10-17,3000.77001953125
2019-10-18,2996.840087890625
2019-10-21,2996.47998046875
2019-10-22,3010.72998046875
2019-10-23,2994.010009765625
2019-10-24,3014.780029296875
2019-10-25,3003.320068359375
2019-10-28,3032.1201171875
2019-10-29,3035.389892578125
2019-10-30,3039.739990234375
2019-10-31,3046.89990234375
2019-11-01,3050.719970703125
2019-11-04,3078.9599609375
2019-11-05,3080.800048828125
2019-11-06,3075.10009765625
2019-11-07,3087.02001953125
2019-11-08,3081.25
2019-11-11,3080.330078125
2019-11-12,3089.280029296875
2019-11-13,3084.179931640625
2019-11-14,3090.75
2019-11-15,3107.919921875
2019-11-18,3117.909912109375
2019-11-19,3127.449951171875
2019-11-20,3114.659912109375
2019-11-21,3108.489990234375
2019-11-22,3111.409912109375
2019-11-25,3117.43994140625
2019-11-26,3134.85009765625
2019-11-27,3145.489990234375
2019-11-29,3147.179931640625
2019-12-02,3143.85009765625
2019-12-03,3087.409912109375
2019-12-04,3103.5
2019-12-05,3119.2099609375
2019-12-06,3134.6201171875
2019-12-09,3141.860107421875
2019-12-10,3135.360107421875
2019-12-11,3135.75
2019-12-12,3141.22998046875
2019-12-13,3166.64990234375
2019-12-16,3183.6298828125
2019-12-17,3195.39990234375
2019-12-18,3195.2099609375
2019-12-19,3192.320068359375
2019-12-20,3223.330078125
2019-12-23,3226.050048828125
2019-12-24,3225.449951171875
2019-12-26,3227.199951171875
2019-12-27,3247.22998046875
2019-12-30,3240.090087890625
2019-12-31,3215.179931640625
2020-01-02,3244.669921875
2020-01-03,3226.360107421875
2020-01-06,3217.550048828125
2020-01-07,3241.860107421875
2020-01-08,3238.590087890625
2020-01-09,3266.030029296875
2020-01-10,3281.81005859375
2020-01-13,3271.1298828125
2020-01-14,3285.35009765625
2020-01-15,3282.27001953125
2020-01-16,3302.969970703125
2020-01-17,3323.659912109375
2020-01-21,3321.030029296875
2020-01-22,3330.02001953125
2020-01-23,3315.77001953125
2020-01-24,3333.10009765625
2020-01-27,3247.159912109375
2020-01-28,3255.35009765625
2020-01-29,3289.4599609375
2020-01-30,3256.449951171875
2020-01-31,3282.330078125
2020-02-03,3235.659912109375
2020-02-04,3280.610107421875
2020-02-05,3324.909912109375
2020-02-06,3344.919921875
2020-02-07,3335.5400390625
2020-02-10,3318.280029296875
2020-02-11,3365.8701171875
2020-02-12,3370.5
2020-02-13,3365.89990234375
2020-02-14,3378.080078125
2020-02-18,3369.0400390625
2020-02-19,3380.389892578125
2020-02-20,3380.449951171875
2020-02-21,3360.5
2020-02-24,3257.610107421875
2020-02-25,3238.93994140625
2020-02-26,3139.89990234375
2020-02-27,3062.5400390625
2020-02-28,2916.89990234375
2020-03-02,2974.280029296875
2020-03-03,3096.4599609375
2020-03-04,3045.75
2020-03-05,3075.699951171875
2020-03-06,2954.199951171875
2020-03-09,2863.889892578125
2020-03-10,2813.47998046875
2020-03-11,2825.60009765625
2020-03-12,2630.860107421875
2020-03-13,2569.989990234375
2020-03-16,2508.590087890625
2020-03-17,2425.659912109375
2020-03-18,2436.5
2020-03-19,2393.47998046875
2020-03-20,2431.93994140625
2020-03-23,2290.7099609375
2020-03-24,2344.43994140625
2020-03-25,2457.77001953125
2020-03-26,2501.2900390625
2020-03-27,2555.8701171875
2020-03-30,2558.97998046875
2020-03-31,2614.68994140625
2020-04-01,2498.080078125
2020-04-02,2458.5400390625
2020-04-03,2514.919921875
2020-04-06,2578.280029296875
2020-04-07,2738.64990234375
2020-04-08,2685.0
2020-04-09,2776.989990234375
2020-04-13,2782.4599609375
2020-04-14,2805.10009765625
2020-04-15,2795.639892578125
2020-04-16,2799.340087890625
2020-04-17,2842.429931640625
2020-04-20,2845.6201171875
2020-04-21,2784.81005859375
2020-04-22,2787.889892578125
2020-04-23,2810.419921875
2020-04-24,2812.639892578125
2020-04-27,2854.64990234375
2020-04-28,2909.9599609375
2020-04-29,2918.4599609375
2020-04-30,2930.909912109375
2020-05-01,2869.090087890625
2020-05-04,2815.010009765625
2020-05-05,2868.8798828125
2020-05-06,2883.139892578125
2020-05-07,2878.260009765625
2020-05-08,2908.830078125
2020-05-11,2915.4599609375
2020-05-12,2939.5
2020-05-13,2865.860107421875
2020-05-14,2794.5400390625
2020-05-15,2829.949951171875
2020-05-18,2913.860107421875
2020-05-19,2948.590087890625
2020-05-20,2953.6298828125
2020-05-21,2969.949951171875
2020-05-22,2948.050048828125
2020-05-26,3004.080078125
2020-05-27,3015.64990234375
2020-05-28,3046.610107421875
2020-05-29,3025.169921875
2020-06-01,3038.780029296875
2020-06-02,3064.780029296875
2020-06-03,3098.89990234375
2020-06-04,3111.56005859375
2020-06-05,3163.840087890625
2020-06-08,3199.919921875
2020-06-09,3213.320068359375
2020-06-10,3213.419921875
2020-06-11,3123.530029296875
2020-06-12,3071.0400390625
2020-06-15,2993.760009765625
2020-06-16,3131.0
2020-06-17,3136.1298828125
2020-06-18,3101.639892578125
2020-06-19,3140.2900390625
2020-06-22,3094.419921875
2020-06-23,3138.699951171875
2020-06-24,3114.39990234375
2020-06-25,3046.60009765625
2020-06-26,3073.199951171875
2020-06-29,3018.590087890625
2020-06-30,3050.199951171875
2020-07-01,3105.919921875
2020-07-02,3143.639892578125
2020-07-06,3155.2900390625
2020-07-07,3166.43994140625
2020-07-08,3153.070068359375
2020-07-09,3176.169921875
2020-07-10,3152.469970703125
2020-07-13,3205.080078125
2020-07-14,3141.110107421875
2020-07-15,3225.97998046875
2020-07-16,3208.360107421875
2020-07-17,3224.2099609375
2020-07-20,3224.2900390625
2020-07-21,3268.52001953125
2020-07-22,3254.860107421875
2020-07-23,3271.639892578125
2020-07-24,3218.580078125
2020-07-27,3219.840087890625
2020-07-28,3234.27001953125
2020-07-29,3227.219970703125
2020-07-30,3231.760009765625
2020-07-31,3270.449951171875
2020-08-03,3288.260009765625
2020-08-04,3289.919921875
2020-08-05,3317.3701171875
2020-08-06,3323.169921875
2020-08-07,3340.050048828125
2020-08-10,3356.0400390625
2020-08-11,3370.340087890625
2020-08-12,3355.4599609375
2020-08-13,3372.949951171875
2020-08-14,3368.659912109375
2020-08-17,3380.860107421875
2020-08-18,3387.0400390625
2020-08-19,3392.510009765625
2020-08-20,3360.47998046875
2020-08-21,3386.010009765625
2020-08-24,3418.090087890625
2020-08-25,3435.949951171875
2020-08-26,3449.969970703125
2020-08-27,3485.139892578125
2020-08-28,3494.68994140625
2020-08-31,3509.72998046875
2020-09-01,3507.43994140625
2020-09-02,3543.760009765625
2020-09-03,3564.739990234375
2020-09-04,3453.60009765625
2020-09-08,3371.8798828125
2020-09-09,3369.820068359375
2020-09-10,3412.56005859375
2020-09-11,3352.699951171875
2020-09-14,3363.56005859375
2020-09-15,3407.72998046875
2020-09-16,3411.22998046875
2020-09-17,3346.860107421875
2020-09-18,3357.3798828125
2020-09-21,3285.570068359375
2020-09-22,3295.75
2020-09-23,3320.110107421875
2020-09-24,3226.139892578125
2020-09-25,3236.659912109375
2020-09-28,3333.89990234375
2020-09-29,3350.919921875
2020-09-30,3341.2099609375
2020-10-01,3385.8701171875
2020-10-02,3338.93994140625
2020-10-05,3367.27001953125
2020-10-06,3408.739990234375
2020-10-07,3384.56005859375
2020-10-08,3434.280029296875
2020-10-09,3459.669921875
2020-10-12,3500.02001953125
2020-10-13,3534.010009765625
2020-10-14,3515.469970703125
2020-10-15,3453.719970703125
2020-10-16,3493.5
2020-10-19,3493.659912109375
2020-10-20,3439.3798828125
2020-10-21,3439.909912109375
2020-10-22,3438.5
2020-10-23,3464.89990234375
2020-10-26,3441.419921875
2020-10-27,3403.14990234375
2020-10-28,3342.47998046875
2020-10-29,3277.169921875
2020-10-30,3293.590087890625
2020-11-02,3296.199951171875
2020-11-03,3336.25
2020-11-04,3406.4599609375
2020-11-05,3485.739990234375
2020-11-06,3508.340087890625
2020-11-09,3583.0400390625
2020-11-10,3543.260009765625
2020-11-11,3563.219970703125
2020-11-12,3562.669921875
2020-11-13,3552.570068359375
2020-11-16,3600.159912109375
2020-11-17,3610.31005859375
2020-11-18,3612.090087890625
2020-11-19,3559.409912109375
2020-11-20,3579.31005859375
2020-11-23,3566.820068359375
2020-11-24,3594.52001953125
2020-11-25,3635.5
2020-11-27,3638.550048828125
2020-11-30,3634.179931640625
2020-12-01,3645.8701171875
2020-12-02,3653.780029296875
2020-12-03,3668.280029296875
2020-12-04,3670.93994140625
2020-12-07,3694.72998046875
2020-12-08,3683.050048828125
2020-12-09,3705.97998046875
2020-12-10,3659.1298828125
2020-12-11,3656.080078125
2020-12-14,3675.27001953125
2020-12-15,3666.409912109375
2020-12-16,3696.25
2020-12-17,3713.64990234375
2020-12-18,3722.389892578125
2020-12-21,3684.280029296875
2020-12-22,3698.080078125
2020-12-23,3693.419921875
2020-12-24,3694.030029296875
2020-12-28,3723.030029296875
2020-12-29,3750.010009765625
2020-12-30,3736.18994140625
2020-12-31,3733.27001953125
2021-01-04,3764.610107421875
2021-01-05,3698.02001953125
2021-01-06,3712.199951171875
2021-01-07,3764.7099609375
2021-01-08,3815.050048828125
2021-01-11,3803.139892578125
2021-01-12,3801.6201171875
2021-01-13,3802.22998046875
2021-01-14,3814.97998046875
2021-01-15,3788.72998046875
2021-01-19,3781.8798828125
2021-01-20,3816.219970703125
2021-01-21,3857.4599609375
2021-01-22,3844.239990234375
2021-01-25,3851.679931640625
2021-01-26,3862.9599609375
2021-01-27,3836.830078125
2021-01-28,3755.75
2021-01-29,3778.050048828125
2021-02-01,3731.169921875
2021-02-02,3791.840087890625
2021-02-03,3840.27001953125
2021-02-04,3836.659912109375
2021-02-05,3878.300048828125
2021-02-08,3892.590087890625
2021-02-09,3910.489990234375
2021-02-10,3920.780029296875
2021-02-11,3916.39990234375
2021-02-12,3911.64990234375
2021-02-16,3939.610107421875
2021-02-17,3918.5
2021-02-18,3915.860107421875
2021-02-19,3921.159912109375
2021-02-22,3885.550048828125
2021-02-23,3857.070068359375
2021-02-24,3873.7099609375
2021-02-25,3915.800048828125
2021-02-26,3839.659912109375
2021-03-01,3842.510009765625
2021-03-02,3903.639892578125
2021-03-03,3863.989990234375
2021-03-04,3818.530029296875
2021-03-05,3793.580078125
2021-03-08,3844.389892578125
2021-03-09,3851.929931640625
2021-03-10,3891.989990234375
2021-03-11,3915.5400390625
2021-03-12,3924.52001953125
2021-03-15,3942.9599609375
2021-03-16,3973.590087890625
2021-03-17,3949.570068359375
2021-03-18,3953.5
2021-03-19,3913.139892578125
2021-03-22,3916.47998046875
2021-03-23,3937.60009765625
2021-03-24,3919.929931640625
2021-03-25,3879.340087890625
2021-03-26,3917.1201171875
2021-03-29,3969.31005859375
2021-03-30,3963.340087890625
2021-03-31,3967.25
2021-04-01,3992.780029296875
2021-04-05,4034.43994140625
2021-04-06,4075.570068359375
2021-04-07,4074.2900390625
2021-04-08,4089.949951171875
2021-04-09,4096.10986328125
2021-04-12,4124.7099609375
2021-04-13,4130.10009765625
2021-04-14,4141.580078125
2021-04-15,4139.759765625
2021-04-16,4174.14013671875
2021-04-19,4179.7998046875
2021-04-20,4159.18017578125
2021-04-21,4128.419921875
2021-04-22,4170.4599609375
2021-04-23,4138.77978515625
2021-04-26,4185.02978515625
2021-04-27,4188.25
2021-04-28,4185.14013671875
2021-04-29,4206.14013671875
2021-04-30,4198.10009765625
2021-05-03,4191.97998046875
2021-05-04,4179.0400390625
2021-05-05,4177.06005859375
2021-05-06,4169.14013671875
2021-05-07,4210.33984375
2021-05-10,4228.2900390625
2021-05-11,4150.33984375
2021-05-12,4130.5498046875
2021-05-13,4074.989990234375
2021-05-14,4129.580078125
2021-05-17,4169.919921875
2021-05-18,4165.93994140625
2021-05-19,4098.4501953125
2021-05-20,4121.97021484375
2021-05-21,4168.60986328125
2021-05-24,4170.16015625
2021-05-25,4205.93994140625
2021-05-26,4191.58984375
2021-05-27,4201.93994140625
2021-05-28,4210.77001953125
2021-06-01,4216.52001953125
2021-06-02,4206.81982421875
2021-06-03,4191.43017578125
2021-06-04,4206.0498046875
2021-06-07,4229.33984375
2021-06-08,4233.81005859375
2021-06-09,4232.990234375
2021-06-10,4228.56005859375
2021-06-11,4242.89990234375
2021-06-14,4248.31005859375
2021-06-15,4255.27978515625
2021-06-16,4248.8701171875
2021-06-17,4220.3701171875
2021-06-18,4204.77978515625
2021-06-21,4173.39990234375
2021-06-22,4224.60986328125
2021-06-23,4249.27001953125
2021-06-24,4256.97021484375
2021-06-25,4274.4501953125
2021-06-28,4284.89990234375
2021-06-29,4293.2099609375
2021-06-30,4290.64990234375
2021-07-01,4300.72998046875
2021-07-02,4326.60009765625
2021-07-06,4356.4599609375
2021-07-07,4351.009765625
2021-07-08,4321.06982421875
2021-07-09,4329.3798828125
2021-07-12,4372.41015625
2021-07-13,4381.06982421875
2021-07-14,4380.10986328125
2021-07-15,4369.02001953125
2021-07-16,4367.43017578125
2021-07-19,4296.39990234375
2021-07-20,4265.10986328125
2021-07-21,4331.1298828125
2021-07-22,4361.27001953125
2021-07-23,4381.2001953125
2021-07-26,4409.580078125
2021-07-27,4416.3798828125
2021-07-28,4402.9501953125
2021-07-29,4403.58984375
2021-07-30,4395.1201171875
2021-08-02,4406.85986328125
2021-08-03,4392.740234375
2021-08-04,4415.9501953125
2021-08-05,4408.85986328125
2021-08-06,4429.06982421875
2021-08-09,4437.77001953125
2021-08-10,4435.7900390625
2021-08-11,4442.18017578125
2021-08-12,4446.080078125
2021-08-13,4464.83984375
2021-08-16,4461.64990234375
2021-08-17,4462.1201171875
2021-08-18,4440.93994140625
2021-08-19,4382.43994140625
2021-08-20,4410.56005859375
2021-08-23,4450.2900390625
2021-08-24,4484.39990234375
2021-08-25,4490.4501953125
2021-08-26,4493.75
2021-08-27,4474.10009765625
2021-08-30,4513.759765625
2021-08-31,4529.75
2021-09-01,4528.7998046875
2021-09-02,4534.47998046875
2021-09-03,4532.419921875
2021-09-07,4535.3798828125
2021-09-08,4518.08984375
2021-09-09,4513.02001953125
2021-09-10,4506.919921875
2021-09-13,4474.81005859375
2021-09-14,4479.330078125
2021-09-15,4447.490234375
2021-09-16,4477.08984375
2021-09-17,4469.740234375
2021-09-20,4402.9501953125
2021-09-21,4374.4501953125
2021-09-22,4367.43017578125
2021-09-23,4406.75
2021-09-24,4438.0400390625
2021-09-27,4442.1201171875
2021-09-28,4419.5400390625
2021-09-29,4362.41015625
2021-09-30,4370.669921875
2021-10-01,4317.16015625
2021-10-04,4348.83984375
2021-10-05,4309.8701171875
2021-10-06,4319.56982421875
2021-10-07,4383.72998046875
2021-10-08,4406.509765625
2021-10-11,4385.43994140625
2021-10-12,4368.31005859375
2021-10-13,4358.009765625
2021-10-14,4386.75
2021-10-15,4447.68994140625
2021-10-18,4463.72021484375
2021-10-19,4497.33984375
2021-10-20,4524.419921875
2021-10-21,4532.240234375
2021-10-22,4546.1201171875
2021-10-25,4553.68994140625
2021-10-26,4578.68994140625
2021-10-27,4580.22021484375
2021-10-28,4562.83984375
2021-10-29,4572.8701171875
2021-11-01,4610.6201171875
2021-11-02,4613.33984375
2021-11-03,4630.64990234375
2021-11-04,4662.93017578125
2021-11-05,4699.259765625
2021-11-08,4701.47998046875
2021-11-09,4707.25
2021-11-10,4670.259765625
2021-11-11,4659.39013671875
2021-11-12,4655.240234375
2021-11-15,4689.2998046875
2021-11-16,4679.419921875
2021-11-17,4701.5
2021-11-18,4700.72021484375
2021-11-19,4708.43994140625
2021-11-22,4712.0
2021-11-23,4678.47998046875
2021-11-24,4675.77978515625
2021-11-26,4664.6298828125
2021-11-29,4628.75
2021-11-30,4640.25
2021-12-01,4602.81982421875
2021-12-02,4504.72998046875
2021-12-03,4589.490234375
2021-12-06,4548.3701171875
2021-12-07,4631.97021484375
2021-12-08,4690.85986328125
2021-12-09,4691.0
2021-12-10,4687.64013671875
2021-12-13,4710.2998046875
2021-12-14,4642.990234375
2021-12-15,4636.4599609375
2021-12-16,4719.1298828125
2021-12-17,4652.5
2021-12-20,4587.89990234375
2021-12-21,4594.9599609375
2021-12-22,4650.35986328125
2021-12-23,4703.9599609375
2021-12-27,4733.990234375
2021-12-28,4795.490234375
2021-12-29,4788.64013671875
2021-12-30,4794.22998046875
2021-12-31,4775.2099609375
2022-01-03,4778.14013671875
2022-01-04,4804.509765625
2022-01-05,4787.990234375
2022-01-06,4693.39013671875
2022-01-07,4697.66015625
2022-01-10,4655.33984375
2022-01-11,4669.14013671875
2022-01-12,4728.58984375
2022-01-13,4733.56005859375
2022-01-14,4637.990234375
2022-01-18,4632.240234375
2022-01-19,4588.02978515625
2022-01-20,4547.35009765625
2022-01-21,4471.3798828125
2022-01-24,4356.31982421875
2022-01-25,4366.64013671875
2022-01-26,4408.43017578125
2022-01-27,4380.580078125
2022-01-28,4336.18994140625
2022-01-31,4431.7900390625
2022-02-01,4519.56982421875
2022-02-02,4566.39013671875
2022-02-03,4535.41015625
2022-02-04,4482.7900390625
2022-02-07,4505.75
2022-02-08,4480.02001953125
2022-02-09,4547.0
2022-02-10,4553.240234375
2022-02-11,4506.27001953125
2022-02-14,4412.60986328125
2022-02-15,4429.27978515625
2022-02-16,4455.75
2022-02-17,4456.06005859375
2022-02-18,4384.56982421875
2022-02-22,4332.740234375
2022-02-23,4324.93017578125
2022-02-24,4155.77001953125
2022-02-25,4298.3798828125
2022-02-28,4354.169921875
2022-03-01,4363.14013671875
2022-03-02,4322.56005859375
2022-03-03,4401.31005859375
2022-03-04,4342.1201171875
2022-03-07,4327.009765625
2022-03-08,4202.66015625
2022-03-09,4223.10009765625
2022-03-10,4252.5498046875
2022-03-11,4279.5
2022-03-14,4202.75
2022-03-15,4188.81982421875
2022-03-16,4288.14013671875
2022-03-17,4345.10986328125
2022-03-18,4407.33984375
2022-03-21,4462.39990234375
2022-03-22,4469.10009765625
2022-03-23,4493.10009765625
2022-03-24,4469.97998046875
2022-03-25,4522.91015625
2022-03-28,4541.08984375
2022-03-29,4602.85986328125
2022-03-30,4624.2001953125
2022-03-31,4599.02001953125
2022-04-01,4540.31982421875
2022-04-04,4547.97021484375
2022-04-05,4572.4501953125
2022-04-06,4494.169921875
2022-04-07,4474.64990234375
2022-04-08,4494.14990234375
2022-04-11,4462.64013671875
2022-04-12,4437.58984375
2022-04-13,4394.2998046875
2022-04-14,4449.1201171875
2022-04-18,4385.6298828125
2022-04-19,4390.6298828125
2022-04-20,4472.259765625
2022-04-21,4489.169921875
2022-04-22,4385.830078125
2022-04-25,4255.33984375
2022-04-26,4278.14013671875
2022-04-27,4186.52001953125
2022-04-28,4222.580078125
2022-04-29,4253.75
2022-05-02,4130.60986328125
2022-05-03,4159.77978515625
2022-05-04,4181.18017578125
2022-05-05,4270.43017578125
2022-05-06,4128.169921875
2022-05-09,4081.27001953125
2022-05-10,4035.179931640625
2022-05-11,3990.080078125
2022-05-12,3903.949951171875
2022-05-13,3963.89990234375
2022-05-16,4013.02001953125
2022-05-17,4052.0
2022-05-18,4051.97998046875
2022-05-19,3899.0
2022-05-20,3927.760009765625
2022-05-23,3919.419921875
2022-05-24,3942.93994140625
2022-05-25,3929.590087890625
2022-05-26,3984.60009765625
2022-05-27,4077.429931640625
2022-05-31,4151.08984375
2022-06-01,4149.77978515625
2022-06-02,4095.409912109375
2022-06-03,4137.56982421875
2022-06-06,4134.72021484375
2022-06-07,4096.47021484375
2022-06-08,4147.1201171875
2022-06-09,4101.64990234375
2022-06-10,3974.389892578125
2022-06-13,3838.14990234375
2022-06-14,3763.52001953125
2022-06-15,3764.050048828125
2022-06-16,3728.179931640625
2022-06-17,3665.89990234375
2022-06-21,3715.31005859375
2022-06-22,3733.889892578125
2022-06-23,3774.7099609375
2022-06-24,3821.75
2022-06-27,3920.760009765625
2022-06-28,3913.0
2022-06-29,3825.090087890625
2022-06-30,3785.989990234375
2022-07-01,3781.0
2022-07-05,3792.610107421875
2022-07-06,3831.97998046875
2022-07-07,3858.85009765625
2022-07-08,3888.260009765625
2022-07-11,3880.93994140625
2022-07-12,3851.949951171875
2022-07-13,3779.669921875
2022-07-14,3763.989990234375
2022-07-15,3818.0
2022-07-18,3883.7900390625
2022-07-19,3860.72998046875
2022-07-20,3935.320068359375
2022-07-21,3955.469970703125
2022-07-22,3998.429931640625
2022-07-25,3965.719970703125
2022-07-26,3953.219970703125
2022-07-27,3951.429931640625
2022-07-28,4026.1298828125
2022-07-29,4087.330078125
2022-08-01,4112.3798828125
2022-08-02,4104.2099609375
2022-08-03,4107.9599609375
2022-08-04,4154.85009765625
2022-08-05,4115.8701171875
2022-08-08,4155.93017578125
2022-08-09,4133.10986328125
2022-08-10,4181.02001953125
2022-08-11,4227.39990234375
2022-08-12,4225.02001953125
2022-08-15,4269.3701171875
2022-08-16,4290.4599609375
2022-08-17,4280.39990234375
2022-08-18,4273.1298828125
2022-08-19,4266.31005859375
2022-08-22,4195.080078125
2022-08-23,4133.08984375
2022-08-24,4126.5498046875
2022-08-25,4153.259765625
2022-08-26,4198.740234375
2022-08-29,4034.580078125
2022-08-30,4041.25
2022-08-31,4000.669921875
2022-09-01,3936.72998046875
2022-09-02,3994.659912109375
2022-09-06,3930.889892578125
2022-09-07,3909.429931640625
2022-09-08,3959.93994140625
2022-09-09,4022.93994140625
2022-09-12,4083.669921875
2022-09-13,4037.1201171875
2022-09-14,3940.72998046875
2022-09-15,3932.409912109375
2022-09-16,3880.949951171875
2022-09-19,3849.909912109375
2022-09-20,3875.22998046875
2022-09-21,3871.39990234375
2022-09-22,3782.360107421875
2022-09-23,3727.139892578125
2022-09-26,3682.719970703125
2022-09-27,3686.43994140625
2022-09-28,3651.93994140625
2022-09-29,3687.010009765625
2022-09-30,3633.47998046875
2022-10-03,3609.780029296875
2022-10-04,3726.4599609375
2022-10-05,3753.25
2022-10-06,3771.969970703125
2022-10-07,3706.739990234375
2022-10-10,3647.510009765625
2022-10-11,3595.860107421875
2022-10-12,3590.830078125
2022-10-13,3520.3701171875
2022-10-14,3690.409912109375
2022-10-17,3638.64990234375
2022-10-18,3746.260009765625
2022-10-19,3703.110107421875
2022-10-20,3689.050048828125
2022-10-21,3657.10009765625
2022-10-24,3762.010009765625
2022-10-25,3799.43994140625
2022-10-26,3825.969970703125
2022-10-27,3834.68994140625
2022-10-28,3808.260009765625
2022-10-31,3881.85009765625
2022-11-01,3901.7900390625
2022-11-02,3852.89990234375
2022-11-03,3733.25
2022-11-04,3766.97998046875
2022-11-07,3780.7099609375
2022-11-08,3817.02001953125
2022-11-09,3810.93994140625
2022-11-10,3859.889892578125
2022-11-11,3963.719970703125
2022-11-14,3977.969970703125
2022-11-15,4006.409912109375
2022-11-16,3976.820068359375
2022-11-17,3919.260009765625
2022-11-18,3966.389892578125
2022-11-21,3956.22998046875
2022-11-22,3965.510009765625
2022-11-23,4000.300048828125
2022-11-25,4023.340087890625
2022-11-28,4005.360107421875
2022-11-29,3964.18994140625
2022-11-30,3957.179931640625
2022-12-01,4087.139892578125
2022-12-02,4040.169921875
2022-12-05,4052.02001953125
2022-12-06,3996.6298828125
2022-12-07,3933.280029296875
2022-12-08,3947.7900390625
2022-12-09,3954.169921875
2022-12-12,3939.2900390625
2022-12-13,4069.3798828125
2022-12-14,4015.5400390625
2022-12-15,3958.3701171875
2022-12-16,3890.909912109375
2022-12-19,3853.7900390625
2022-12-20,3810.469970703125
2022-12-21,3839.489990234375
2022-12-22,3853.260009765625
2022-12-23,3815.110107421875
2022-12-27,3843.340087890625
2022-12-28,3829.56005859375
2022-12-29,3805.449951171875
2022-12-30,3829.06005859375
2023-01-03,3853.2900390625
2023-01-04,3840.360107421875
2023-01-05,3839.739990234375
2023-01-06,3823.3701171875
2023-01-09,3910.820068359375
2023-01-10,3888.570068359375
2023-01-11,3932.35009765625
2023-01-12,3977.570068359375
2023-01-13,3960.60009765625
2023-01-17,3999.280029296875
2023-01-18,4002.25
2023-01-19,3911.840087890625
2023-01-20,3909.0400390625
2023-01-23,3978.139892578125
2023-01-24,4001.739990234375
2023-01-25,3982.7099609375
2023-01-26,4036.080078125
2023-01-27,4053.719970703125
2023-01-30,4049.27001953125
2023-01-31,4020.85009765625
2023-02-01,4070.070068359375
2023-02-02,4158.68017578125
2023-02-03,4136.68994140625
2023-02-06,4119.56982421875
2023-02-07,4105.35009765625
2023-02-08,4153.47021484375
2023-02-09,4144.25
2023-02-10,4068.919921875
2023-02-13,4096.6201171875
2023-02-14,4126.7001953125
2023-02-15,4119.5
2023-02-16,4114.75
2023-02-17,4077.389892578125
2023-02-21,4052.35009765625
2023-02-22,4001.830078125
2023-02-23,4018.60009765625
2023-02-24,3973.239990234375
2023-02-27,3992.360107421875
2023-02-28,3977.18994140625
2023-03-01,3963.340087890625
2023-03-02,3938.679931640625
2023-03-03,3998.02001953125
2023-03-06,4055.14990234375
2023-03-07,4048.260009765625
2023-03-08,3987.550048828125
2023-03-09,3998.659912109375
2023-03-10,3912.77001953125
2023-03-13,3835.1201171875
2023-03-14,3894.010009765625
2023-03-15,3876.739990234375
2023-03-16,3878.929931640625
2023-03-17,3958.68994140625
2023-03-20,3917.469970703125
2023-03-21,3975.889892578125
2023-03-22,4002.0400390625
2023-03-23,3959.2099609375
2023-03-24,3939.2099609375
2023-03-27,3982.929931640625
2023-03-28,3974.1298828125
2023-03-29,3999.530029296875
2023-03-30,4046.739990234375
2023-03-31,4056.179931640625
2023-04-03,4102.2001953125
2023-04-04,4128.02978515625
2023-04-05,4094.5
2023-04-06,4081.14990234375
2023-04-10,4085.199951171875
2023-04-11,4110.2900390625
2023-04-12,4121.72021484375
2023-04-13,4100.0400390625
2023-04-14,4140.10986328125
2023-04-17,4137.169921875
2023-04-18,4164.259765625
2023-04-19,4139.330078125
2023-04-20,4130.47998046875
2023-04-21,4132.14013671875
2023-04-24,4132.06982421875
2023-04-25,4126.43017578125
2023-04-26,4087.780029296875
2023-04-27,4075.2900390625
2023-04-28,4129.6298828125
2023-05-01,4166.7900390625
2023-05-02,4164.10009765625
2023-05-03,4122.25
2023-05-04,4082.550048828125
2023-05-05,4084.72998046875
2023-05-08,4136.97998046875
2023-05-09,4124.25
2023-05-10,4143.740234375
2023-05-11,4132.240234375
2023-05-12,4138.5400390625
2023-05-15,4126.64990234375
2023-05-16,4127.9501953125
2023-05-17,4122.85009765625
2023-05-18,4157.68017578125
2023-05-19,4204.14990234375
2023-05-22,4190.77978515625
2023-05-23,4176.7998046875
2023-05-24,4132.9599609375
2023-05-25,4155.7099609375
2023-05-26,4156.16015625
2023-05-30,4226.7099609375
2023-05-31,4190.740234375
2023-06-01,4183.02978515625
2023-06-02,4241.009765625
2023-06-05,4282.990234375
2023-06-06,4271.33984375
2023-06-07,4285.47021484375
2023-06-08,4268.68994140625
2023-06-09,4304.8798828125
2023-06-12,4308.31982421875
2023-06-13,4352.60986328125
2023-06-14,4366.2900390625
2023-06-15,4365.330078125
2023-06-16,4440.9501953125
2023-06-20,4396.10986328125
2023-06-21,4380.009765625
2023-06-22,4355.39990234375
2023-06-23,4354.169921875
2023-06-26,4344.83984375
2023-06-27,4337.35986328125
2023-06-28,4367.47998046875
2023-06-29,4374.93994140625
2023-06-30,4422.43994140625
2023-07-03,4450.47998046875
2023-07-05,4442.0400390625
2023-07-06,4422.6201171875
2023-07-07,4404.5400390625
2023-07-10,4394.22998046875
2023-07-11,4415.5498046875
2023-07-12,4467.68994140625
2023-07-13,4491.5
2023-07-14,4514.60986328125
2023-07-17,4508.85986328125
2023-07-18,4521.77978515625
2023-07-19,4563.8701171875
2023-07-20,4554.3798828125
2023-07-21,4550.16015625
2023-07-24,4543.39013671875
2023-07-25,4555.18994140625
2023-07-26,4558.9599609375
2023-07-27,4598.259765625
2023-07-28,4565.75
2023-07-31,4584.81982421875
2023-08-01,4578.830078125
2023-08-02,4550.93017578125
2023-08-03,4494.27001953125
2023-08-04,4513.9599609375
2023-08-07,4491.580078125
2023-08-08,4498.02978515625
2023-08-09,4501.56982421875
2023-08-10,4487.16015625
2023-08-11,4450.68994140625
2023-08-14,4458.1298828125
2023-08-15,4478.8701171875
2023-08-16,4433.7900390625
2023-08-17,4416.31982421875
2023-08-18,4344.8798828125
2023-08-21,4380.27978515625
2023-08-22,4415.330078125
2023-08-23,4396.43994140625
2023-08-24,4455.16015625
2023-08-25,4389.3798828125
2023-08-28,4426.02978515625
2023-08-29,4432.75
2023-08-30,4500.33984375
2023-08-31,4517.009765625
2023-09-01,4530.60009765625
2023-09-05,4510.06005859375
2023-09-06,4490.35009765625
2023-09-07,4434.5498046875
2023-09-08,4451.2998046875
2023-09-11,4480.97998046875
2023-09-12,4473.27001953125
2023-09-13,4462.64990234375
2023-09-14,4487.77978515625
2023-09-15,4497.97998046875
2023-09-18,4445.1298828125
2023-09-19,4445.41015625
2023-09-20,4452.81005859375
2023-09-21,4374.35986328125
2023-09-22,4341.740234375
2023-09-25,4310.6201171875
2023-09-26,4312.8798828125
2023-09-27,4282.6298828125
2023-09-28,4269.64990234375
2023-09-29,4328.18017578125
2023-10-02,4284.52001953125
2023-10-03,4269.75
2023-10-04,4233.830078125
2023-10-05,4259.31005859375
2023-10-06,4234.7900390625
2023-10-09,4289.02001953125
2023-10-10,4339.75
2023-10-11,4366.58984375
2023-10-12,4380.93994140625
2023-10-13,4360.490234375
2023-10-16,4342.3701171875
2023-10-17,4345.22998046875
2023-10-18,4357.35009765625
2023-10-19,4321.35986328125
2023-10-20,4273.85009765625
2023-10-23,4210.39990234375
2023-10-24,4235.7900390625
2023-10-25,4232.419921875
2023-10-26,4175.990234375
2023-10-27,4152.93017578125
2023-10-30,4139.39013671875
2023-10-31,4171.330078125
2023-11-01,4201.27001953125
2023-11-02,4268.259765625
2023-11-03,4334.22998046875
2023-11-06,4364.27001953125
2023-11-07,4366.2099609375
2023-11-08,4384.3701171875
2023-11-09,4391.41015625
2023-11-10,4364.14990234375
2023-11-13,4406.66015625
2023-11-14,4458.97021484375
2023-11-15,4505.2998046875
2023-11-16,4497.080078125
2023-11-17,4509.5498046875
2023-11-20,4511.7001953125
2023-11-21,4538.77001953125
2023-11-22,4553.0400390625
2023-11-24,4555.83984375
2023-11-27,4554.85986328125
2023-11-28,4545.5498046875
2023-11-29,4571.83984375
2023-11-30,4554.8701171875
2023-12-01,4559.43017578125
2023-12-04,4564.3701171875
2023-12-05,4557.25
2023-12-06,4586.22998046875
2023-12-07,4568.83984375
2023-12-08,4576.2001953125
2023-12-11,4593.39013671875
2023-12-12,4618.2998046875
2023-12-13,4646.2001953125
2023-12-14,4721.0400390625
2023-12-15,4714.22998046875
2023-12-18,4725.580078125
2023-12-19,4743.72021484375
2023-12-20,4764.72998046875
2023-12-21,4724.2900390625
2023-12-22,4753.919921875
2023-12-26,4758.85986328125
2023-12-27,4773.4501953125
2023-12-28,4786.43994140625
2023-12-29,4782.8798828125
2024-01-02,4745.2001953125
2024-01-03,4725.06982421875
2024-01-04,4697.419921875
2024-01-05,4690.56982421875
2024-01-08,4703.7001953125
2024-01-09,4741.93017578125
2024-01-10,4759.93994140625
2024-01-11,4792.1298828125
2024-01-12,4791.18017578125
2024-01-16,4772.35009765625
2024-01-17,4739.1298828125
2024-01-18,4760.10009765625
2024-01-19,4796.27978515625
2024-01-22,4853.419921875
2024-01-23,4856.7998046875
2024-01-24,4888.56005859375
2024-01-25,4886.66015625
2024-01-26,4888.91015625
2024-01-29,4892.9501953125
2024-01-30,4925.89013671875
2024-01-31,4899.18994140625
2024-02-01,4861.10986328125
2024-02-02,4916.06005859375
2024-02-05,4957.18994140625
2024-02-06,4950.16015625
2024-02-07,4973.0498046875
2024-02-08,4995.16015625
2024-02-09,5004.169921875
2024-02-12,5026.830078125
2024-02-13,4967.93994140625
2024-02-14,4976.43994140625
2024-02-15,5003.14013671875
2024-02-16,5031.1298828125
2024-02-20,4989.31982421875
2024-02-21,4963.02978515625
2024-02-22,5038.830078125
2024-02-23,5100.919921875
2024-02-26,5093.0
2024-02-27,5074.60009765625
2024-02-28,5067.2001953125
2024-02-29,5085.35986328125
2024-03-01,5098.509765625
2024-03-04,5130.990234375
2024-03-05,5110.52001953125
2024-03-06,5108.02978515625
2024-03-07,5132.3798828125
2024-03-08,5164.4599609375
2024-03-11,5111.9599609375
2024-03-12,5134.2998046875
2024-03-13,5173.490234375
2024-03-14,5175.14013671875
2024-03-15,5123.31005859375
2024-03-18,5154.77001953125
2024-03-19,5139.08984375
2024-03-20,5181.68994140625
2024-03-21,5253.43017578125
2024-03-22,5242.47998046875
2024-03-25,5219.52001953125
2024-03-26,5228.85009765625
2024-03-27,5226.31005859375
2024-03-28,5248.02978515625
2024-04-01,5257.97021484375
2024-04-02,5204.2900390625
2024-04-03,5194.3701171875
2024-04-04,5244.0498046875
2024-04-05,5158.9501953125
2024-04-08,5211.3701171875
2024-04-09,5217.02978515625
2024-04-10,5167.8798828125
2024-04-11,5172.9501953125
2024-04-12,5171.509765625
2024-04-15,5149.669921875
2024-04-16,5064.58984375
2024-04-17,5068.97021484375
2024-04-18,5031.52001953125
2024-04-19,5005.43994140625
2024-04-22,4987.330078125
2024-04-23,5028.85009765625
2024-04-24,5084.85986328125
2024-04-25,5019.8798828125
2024-04-26,5084.64990234375
2024-04-29,5114.1298828125
2024-04-30,5103.77978515625
2024-05-01,5029.02978515625
2024-05-02,5049.31982421875
2024-05-03,5122.77978515625
2024-05-06,5142.419921875
2024-05-07,5187.2001953125
2024-05-08,5168.97998046875
2024-05-09,5189.02978515625
2024-05-10,5225.490234375
2024-05-13,5233.080078125
2024-05-14,5221.10009765625
2024-05-15,5263.259765625
2024-05-16,5310.06982421875
2024-05-17,5303.10009765625
2024-05-20,5305.35009765625
2024-05-21,5298.68994140625
2024-05-22,5319.27978515625
2024-05-23,5340.259765625
2024-05-24,5281.4501953125
2024-05-28,5315.91015625
2024-05-29,5278.72998046875
2024-05-30,5259.77001953125
2024-05-31,5243.2099609375
2024-06-03,5297.14990234375
2024-06-04,5278.240234375
2024-06-05,5314.47998046875
2024-06-06,5357.7998046875
2024-06-07,5343.81005859375
2024-06-10,5341.22021484375
2024-06-11,5353.0
2024-06-12,5409.1298828125
2024-06-13,5441.93017578125
2024-06-14,5424.080078125
2024-06-17,5431.10986328125
2024-06-18,5476.14990234375
2024-06-20,5499.990234375
2024-06-21,5466.77001953125
2024-06-24,5459.580078125
2024-06-25,5460.72998046875
2024-06-26,5460.7099609375
2024-06-27,5473.58984375
2024-06-28,5488.47998046875
2024-07-01,5471.080078125
2024-07-02,5461.83984375
2024-07-03,5507.43994140625
2024-07-05,5537.91015625
2024-07-08,5572.75
2024-07-09,5584.240234375
2024-07-10,5591.259765625
2024-07-11,5635.2099609375
2024-07-12,5590.759765625
2024-07-15,5638.16015625
2024-07-16,5644.08984375
2024-07-17,5610.06982421875
2024-07-18,5608.56005859375
2024-07-19,5543.3701171875
2024-07-22,5544.5400390625
2024-07-23,5565.2998046875
2024-07-24,5505.83984375
2024-07-25,5428.7001953125
2024-07-26,5433.669921875
2024-07-29,5476.5498046875
2024-07-30,5478.72998046875
2024-07-31,5505.58984375
2024-08-01,5537.83984375
2024-08-02,5376.6298828125
2024-08-05,5151.14013671875
2024-08-06,5206.419921875
2024-08-07,5293.1298828125
2024-08-08,5252.56982421875
2024-08-09,5314.66015625
2024-08-12,5351.8798828125
2024-08-13,5376.97998046875
2024-08-14,5442.35986328125
2024-08-15,5501.1298828125
2024-08-16,5530.5
2024-08-19,5557.22998046875
2024-08-20,5602.8798828125
2024-08-21,5603.08984375
2024-08-22,5637.77001953125
2024-08-23,5602.490234375
2024-08-26,5639.66015625
2024-08-27,5602.89013671875
2024-08-28,5624.509765625
2024-08-29,5607.2998046875
2024-08-30,5612.740234375
2024-09-03,5623.89013671875
2024-09-04,5506.68017578125
2024-09-05,5520.080078125
2024-09-06,5507.330078125
2024-09-09,5442.06982421875
2024-09-10,5490.509765625
2024-09-11,5496.419921875
2024-09-12,5557.47998046875
2024-09-13,5603.33984375
2024-09-16,5615.2099609375
2024-09-17,5655.509765625
2024-09-18,5641.68017578125
2024-09-19,5702.6298828125
2024-09-20,5709.64013671875
2024-09-23,5711.89990234375
2024-09-24,5727.66015625
2024-09-25,5733.64990234375
2024-09-26,5762.22021484375
2024-09-27,5755.35986328125
2024-09-30,5726.52001953125
2024-10-01,5757.72998046875
2024-10-02,5698.14013671875
2024-10-03,5698.18994140625
2024-10-04,5737.47998046875
2024-10-07,5737.7998046875
2024-10-08,5719.14013671875
2024-10-09,5751.7998046875
2024-10-10,5778.35986328125
2024-10-11,5775.08984375
2024-10-14,5829.81005859375
2024-10-15,5866.740234375
2024-10-16,5816.580078125
2024-10-17,5875.6201171875
2024-10-18,5859.43017578125
2024-10-21,5857.81982421875
2024-10-22,5832.7001953125
2024-10-23,5834.5
2024-10-24,5817.7998046875
2024-10-25,5826.75
2024-10-28,5833.93017578125
2024-10-29,5819.68017578125
2024-10-30,5832.64990234375
2024-10-31,5775.33984375
2024-11-01,5723.22021484375
2024-11-04,5725.14990234375
2024-11-05,5722.43017578125
2024-11-06,5864.89013671875
2024-11-07,5947.2099609375
2024-11-08,5976.759765625
2024-11-11,6008.85986328125
2024-11-12,6003.60009765625
2024-11-13,5985.75
2024-11-14,5989.68017578125
2024-11-15,5912.7900390625
2024-11-18,5874.169921875
2024-11-19,5870.0498046875
2024-11-20,5914.33984375
2024-11-21,5940.580078125
2024-11-22,5944.35986328125
2024-11-25,5992.27978515625
2024-11-26,6000.02978515625
2024-11-27,6014.10986328125
2024-11-29,6003.97998046875
